formula,target
Ta11(CuO6)5,2.58
Hg7.5As4Cl6,1.73
Cs2NaMnF6,0.0
HoTlPd,0.0
HfO2,5.55
BaO,4.8
SmB6,3.5
Zr6NiCl15,0.0
In0.5Ga0.5P1,1.9
Cu3Hg2(Te3O8)2,2.56
TmTl,0.0
KNb3(TeO6)2,3.52
LaIn5Ir,0.0
K3Sn,0.0
Li2CdGeS4,3.1
DyZrRu2,0.0
Hf2Co4P3,0.0
BaGa2SiS6,3.75
Lu2TlCu3Se5,2.12
BaZn5,0.0
Li(NiO2)4,0.0
Dy2Sn5,0.0
Yb2Ge2Ir,0.0
Rb3Al3Ge7Se20,2.4
TlHg6Se4Br5,2.8
MnSbPd,0.0
CaCdPd2,0.0
Zr5Al3C,0.0
SrIn2(GeIr)4,0.25
Cd3P2,0.5
Ba4LiGa5Se12,2.65
IrS2,0.9
Be3N2,3.8
BeSiOs2,0.0
CaCdSi,0.0
ZrB2,0.0
TmCdAg2,0.0
Nd2WC2,0.0
Sm4In21Pd10,0.0
Ga1Sb0.85As0.15,1.1
Ba(InS2)2,3.06
FeI2,5.15
Th2Se5,0.37
NaSm(PS3)2,2.54
Ba2DyInSe5,2.27
Cs2ZnGe3S8,3.33
V2(OF)3,0.0
Pr2Co12P7,0.0
Yb(InS2)3,1.31
SbSBr,2.17
Ca2Bi2O5,3.34
Rb4Ag9(SbS3)4,2.0
K1.25Bi7.25Pb3.5Se15,0.53
KAg2SbS4,2.2
Nd2HfS5,0.7
LiBiS2,0.11
In1Sb0.4As0.6,0.1
NdMnSbO,0.0
SbOsS,1.2
Ba2SmGaTe5,1.04
ZrPd2,0.0
K2Ge2PbS6,2.85
Ce4(GeS4)3,2.3
CeRh,0.0
Pb1Se0.95S0.05,0.26
In1Ga1Cu1S3.5,1.84
CrH9(CN2)3,0.0
PtSe2,0.1
Li3Cu4NiO8,0.0
Li4HgGe2S7,2.75
Hf2ReRh,0.0
K10Mn4Sn4S17,2.3
YVTeO10,2.2
CsCd4Ga5Se12,2.21
Ca2GeN2,0.0
Cd0.2In2.4Ag0.4Te4,0.42
Ga1As0.4P0.6,2.1
TiFe2As,0.0
Li2ZnGe,1.1
YbIr2,0.0
Li13Ti22O48,0.0
EuPPt,0.0
Sc6Te2Os,0.0
Na2V6O13,0.0
Zn0.2Hg0.8Te1,0.07
CaZn2,0.0
CeSbO3,0.0
Nb3Bi,0.0
TiGaIr2,0.0
HoMn12,0.0
Sr0.5Ta1O3,3.7
Li6Fe9CoO20,0.0
TaCoSn2,0.0
Li3Co3SbO8,0.0
In1.01Cu0.99Se2.01,1.08
Ba3YIr2O9,0.0
Dy2O3,5.0
Ho(BiO3)2,0.0
CeMg2Ag,0.0
Ho(SbO3)2,0.0
PPdSe,0.15
YMgCu4,0.0
Hf5Sn3,0.0
NdAl4Ge2Au,0.0
YbBO3,0.0
TmAs,1.18
Ti2AlV,0.0
K4Ag9(SbS3)4,2.0
BaSi,0.0
Bi2Te3,0.25
Rb2NbCuS4,2.64
Cs1.43Cd1.43Bi2.57S6,1.28
Mg2V9O13,0.0
SbPbIO2,2.48
ScCu2,0.0
La10Se14O,2.04
Te0.4Se0.6,1.2
In1.6Cu0.4Se2.6,1.32
NbHO3,0.0
Sm2TlZn,0.0
LiInAg2,0.0
CaEu2O3,0.0
CrPbO4,2.25
Yb2InPd2,0.0
SmCo2,0.0
Be2HgTe,0.0
NdMoO4F,3.66
Eu(LuSe2)2,1.7
Ba2Ga8SiS16,3.4
CsTm9(Cd2Se9)2,2.16
MgSnRh2,0.0
KCl,8.5
MnGaNi2,0.0
Co3Se4,0.0
Li6(NiO2)5,0.0
Dy(CuTe)3,0.34
Tl2Hg3Te4,0.9
PmHgAu2,0.0
TaF3,0.0
B2O3,4.89
Nd5Ge3,0.0
Cs2TeI6,1.5
Ag7AsS6,1.0
Eu2Ge(BO4)2,0.0
Ca(MnAs)2,0.0
Dy(InS2)3,1.22
Fe2O3,2.2
LiMn4O8,0.0
GdB66,1.27
Zn2InCuSe4,1.1
ZrRu3C,0.0
CeAlSi2,0.0
Bi9S6O7.5,1.27
Cs2Cd(PSe3)2,2.63
BaAu2,0.0
Ga1Sb0.3As0.7,0.67
Sr8(MnN3)3,0.0
KThCuS3,2.95
In0.07Te1Pb0.93,0.32
Ca3BiSb,0.0
Ca5Sb3,0.0
La20Cu9O40,0.0
Nd3(GeRu)2,0.0
Ba2ScTaO6,4.19
Sn0.03Te1Pb0.97,0.21
MgTi11O20,0.0
Sn1Se0.01S0.99,1.08
Cd(In15Te23)2,1.17
PrFeGe2,0.0
Yb(GaS2)2,2.3
Zr3(Cu2Si3)2,0.0
LaYbZn2,0.0
Ba3Te,0.0
Bi7O5F11,4.05
CuBiSeO,0.82
Mg2Zr14O5,0.0
Ho2O3,5.42
Sc3Fe2Si3,0.0
AgBiSe2,0.34
RbCaBO3,3.67
ZrMo3,0.0
Ba(GaS2)2,4.13
NdIn5Rh,0.0
LiGaPt2,0.0
Ag5IO6,1.4
Mg4Sc3(SiO3)8,0.0
Tl3Ir,0.0
SrN2,0.0
Li4Mn(WO4)3,0.0
Cd2InCuTe3,0.7
TeO2,3.0
SmBiW2O9,3.39
CdHg6(As2Br3)2,1.89
SrSeO4,4.75
NiS2,0.64
DyAg,0.0
K4GeS4,0.8
YbCuGe,0.0
Al(Ni10B7)2,0.0
Sr2Be2B2O7,8.0
Cr(MoS2)2,0.0
RbTmO3,0.0
La2HfS5,0.7
VB2,0.0
Hf(CuP)2,0.0
BaLi4,0.0
EuNiGe3,0.0
CoP3,0.45
Ni3S4,0.0
LiHf2Ir,0.0
Ba(PdO2)2,0.0
Nb2Tl4S11,1.8
Te0.5Se0.5,1.0
Ni3SnN,0.0
LuScRu2,0.0
K6CdTe4,2.51
Ba2ErGaTe5,1.15
Li5Cr2Ni5O12,0.0
K2La2Sb2S9,2.2
Ba6Al4B14O33,3.44
HfS2,2.9
NdAs,1.04
Bi2O5,0.0
Cd0.28Hg0.72Te1,0.21
Li8IrO6,0.0
Cd3Bi2,0.2
Eu2SnSe5,1.07
TiFeH2,0.0
Ba3Nb2CoO9,0.0
Li2SnHgS4,2.32
Ho2B4C,0.0
Zn0.3Ga0.7P0.7S0.3,2.3
Eu(GaS2)2,2.25
La(In2Au)2,0.0
Ge0.3Te1Pb0.7,0.48
K2ZnTe2,3.0
In2HgSe4,0.6
HoTiO3,0.0
Ce(InS2)3,1.11
VNi2,0.0
SmSe,0.46
CuHg(SeO3)2,3.25
Y4C7,0.0
MgTi4O6,0.0
Cs2PdSe8,1.5
V2Si2O7,0.0
ZrInCu2,0.0
CdO,2.3
NdCuSO,2.98
Ba2Sb7HO14,2.7
LiLa2IrO6,0.0
Te0.6Se0.4,0.7
CrNiP2O9,0.0
In1Sb0.2As0.8,0.12
TbRh2,0.0
ZrW2,0.0
Bi2Te1.5Se1.5,0.29
KInGeS4,3.1
AgBr,2.52
PH2NO2,0.0
CsGeI3,1.6
Ba6Ga2SnSe11,1.99
TiMn2Al,0.0
CsInTe3O8,3.9
CoAsRh,0.0
Rb3Al3Ge7S20,3.1
Sr2Li2Nb3O10,0.0
TiFe2Si,0.4
Sr(Sb3Ru)4,0.0
Ca(BIr)2,0.0
Cd4P2I3,2.17
UO2,2.18
CuPd,0.0
Tl0.005Te1Pb0.995,0.48
Ho4C7,0.0
VCu3(PO4)4,0.0
LaSi,0.0
FeAg3(CN)6,0.0
Zn0.6Ga0.4As0.4Se0.6,1.8
Nb2Cr4Si5,0.0
HgTeI,1.85
Ba3Bi0.5B1.5S6,2.43
Gd(CuSe)3,0.14
Co2Te3O8,3.6
RbNb3(TeO6)2,3.49
Bi5IO7,2.76
K6Cd4Sn3Se13,2.33
Eu(ZnSi)2,0.0
HfInCu2,0.0
Pm2CuGe,0.0
Ni7(P2O7)4,0.0
PrLuSe3,1.56
CdAuO2,0.0
InFe2CuSe4,0.0
Mn(SbSe2)2,0.31
YbGa2Pd,0.0
Ga1.65Cu0.35S2.65,2.53
CdAg2(PS3)2,2.49
Cs2Ti(AgS2)2,2.44
KNbSe2O7,4.0
Tm4Sb2Se11.68,1.22
Li4Fe3NiO8,0.0
YbTlSe2,0.0
BaAlCu4O7,0.0
Ce4Si3Rh4,0.0
CaEuO2,0.0
Ce2SiSeO4,0.0
AlBi,0.4
Li3Mn2(PO4)3,0.0
Sc3(ReSi2)2,0.0
Tl3AsSe3,1.3
Li3Mn2(CoO4)2,0.0
LiCu2(CO3)2,0.0
Sr3ScNiO6,0.0
LaAl4Co,0.0
Si0.6Ge0.4,0.94
Cs2SiB4O9,6.53
LuAu,0.0
Li4Ni2(PO4)3,0.0
Cd4Sb2I3,1.83
Ba3NaIr2O9,0.0
Te2Pd3Pb2,0.0
K2VCuS4,1.82
Ba4InAgSe6,2.41
HoCu4Pd,0.0
K3Ta2AsS11,2.21
NaY(Te2O5)2,3.9
LaBPt3,0.0
Rb2NaNiF6,0.0
ErTlPd,0.0
ThPd3,0.0
Er2O3,5.42
SiB3,2.0
ScHg,0.24
LiCo(CO3)2,0.0
Si0.94Ge0.06,1.06
ThS,0.0
Ba(GaSe2)2,3.16
RbHg3,0.0
CeAsPd,0.0
Pr2GeSe5,1.8
NaLi3,0.0
Zn5.5Ga1Sn0.5O8,2.99
In1Ag1.75Sb5.75Se11,0.94
AlCuTe2,2.06
NdF3,6.15
Ba3La3(Cu3O7)2,1.8
IrSeS,1.2
Gd3Al7Ag2,0.0
K2S,2.1
Sn1Se0.2S0.8,1.03
Ti2NiH,0.0
MnAs,0.0
Ga4SnS7,3.1
DyS2,0.0
Ce8Sb2S15,1.99
Sr3Ge(SbSe4)2,0.75
LiB9PbO15,4.75
Ca2Os2O7,0.0
Er2(Ga3Co)3,0.0
Sc5NCl8,0.0
LuGe2,0.0
UCoSi,0.0
Th(Al5Fe)2,0.0
CeZnPO,0.0
Fe2B(PO4)3,3.52
DyBiPd,0.0
Pr27Se40,0.0
Te2Pd3,0.0
LaCdAu,0.0
RbTa3(TeO6)2,3.88
Re5(NiAs6)2,0.0
NdAgPb,0.0
BaGa2SiSe6,2.88
TiS3,0.9
Ca2ScSbO6,3.68
Ge0.2Te1Pb0.8,0.4
HoSiRu2C,0.0
Tm(CoSi)2,0.0
KYb2F7,0.0
EuSbO3,0.0
Zn(Bi19O29)2,2.88
HgBrCl,3.4
DyRh,0.0
GdGeRu,0.0
IrPb,0.0
HgBr2,3.59
ZrCrSi2,0.0
Li8PO3,0.0
Tl8Os8O27,0.0
Cd0.5In2.2Ag0.4Te4,0.19
Zr5Sb3,0.0
YbNdAg2,0.0
CsTbZnTe3,2.12
VP4,0.0
Ba2GaAsSe5,1.39
YbSm2CuS5,1.28
YZnBiO4,1.58
Ti20(Sb3Se)3,0.0
V2Sb(PO4)3,0.0
Tl(WO3)3,0.0
In3Bi7(Pb2S9)2,0.0
Ta2TiN3,0.0
YHg2,0.0
MnNiP,0.0
CeB2Ir3,0.0
Ti5(B6O13)2,0.0
Dy5Sn3,0.0
Nb4Co2PdSe12,0.0
NaAsO3,0.0
Ho2GeS5,2.5
KTm,0.0
Bi0.4Te0.6Pb0.8Se0.8,0.22
GaCuGeSe4,1.38
Ge0.05Te1Pb0.95,0.34
HPbI3,0.0
CeSiI,0.0
Zn0.01Ga0.99As0.99Se0.01,1.39
La2B4Rh5,0.0
Sm(CuTe)3,0.23
IrSe2,0.9
Cd1Se0.01S0.99,2.4
Ba2SmInSe5,2.22
MnAl3,0.58
Te3MoWS,0.0
Th2In,0.0
Na2Se,2.0
YbSe,1.5
Tl0.01Te1Pb0.99,0.59
YBi,0.0
CsSbSe2,1.7
FeCoAs,0.0
Ta3B4,0.0
Bi2SeI2O11,3.7
Ag2GeSe3,0.9
TmAl4Ni,0.0
NbSe2,1.4
Th(GePd)2,0.0
Na2S,2.4
ThFe2SiC,0.0
Ca3TlN,0.0
RbH3(SeO3)2,4.84
In2S3,2.0
Ce2Fe(SeO)2,0.64
Ta2TlO6,0.0
Ca(AgGe)2,0.0
LaScSi,0.0
La3LuSe6,1.26
Re3P4,0.0
K2ReH9,5.71
Si0.12Ge0.88,0.84
Ho(InS2)3,1.23
SrAl,0.0
BiIO3F2,3.97
Nb3(Fe10B3)2,0.0
Cs3Sb2Br9,2.3
Ba2ErGaSe5,1.95
CdAg,0.0
Na2Cd(GeSe3)2,2.37
SrS,4.76
Li6FeO5F,0.0
YbMgPd,0.0
LiLu2Ga,0.0
Li4WO5,0.0
GaBi,0.1
KIn(TeO3)2,4.0
TlCoBi,0.0
InAgO2,4.2
Cs2CrCl4,0.0
LaCuSeO,2.83
LiNi2(PO4)3,0.0
NdPt,0.0
Zr3(Al2C3)2,0.0
Ba2In2Se5,2.12
KScO3,0.0
TaAlPt,0.0
Bi0.04Te0.06Pb0.98Se0.98,0.28
GdCd4B3O10,3.8
Lu2Mo2C3,0.0
SnHgO3,1.6
RbEuO2,0.0
SrLaMn2O6,0.0
LiYbPb,0.0
Li17Nb20O60,0.0
K2MnSnSe4,1.7
CsLaHgSe3,2.46
CuCN2,0.0
Hf7P4,0.0
TlCr5Se7S,0.71
POsS,1.4
Na2Ti2Sb2O,0.0
CrTe2,0.17
LiPr2Ru,0.0
GaCuO2,1.47
Sm3Te4,0.51
Gd3.04Sc0.96S6,1.5
U11O5,0.0
AlIr,0.0
Cd0.2Ga0.8Sb0.8Te0.2,0.8
Na0.75Eu1.625Ge1Se4,2.0
Cd2AgRh,0.0
Si0.3Ge0.7,0.88
RePO5,0.0
LaBiAu2,0.0
LiB3,2.0
Cr2NiS4,0.0
Y(Al2Cu)4,0.0
Tb4GaSbS9,2.44
Cs3As,0.6
LaMg3,0.0
CaPd3C,0.0
Yb(HO)3,0.0
UAlNi4,0.0
FePd3,0.0
BeGaRh2,0.0
Cr7C3,0.0
Sm(ErSe2)3,2.0
ScAlNi2,0.0
Zn0.75Hg0.25Se1,1.4
Sn0.05Pb0.95Se1,0.12
Y4AsSe3,0.0
AlCuS2,3.5
TaN,2.3
Cs5Mo21Se23,0.0
Na2In2GeS6,3.17
Tb(CoGe)2,0.0
Ga1Sb0.25As0.75,0.65
Nb2Tl3CuSe12,0.8
Dy1Te1.45,0.6
K6Yb3(PS4)5,2.6
Mn2GaW,0.0
Sr2GeN2,0.0
Hg3Bi2(TeCl4)2,2.8
Tl2O3,2.25
CrSi2,1.3
Li5Fe6(BO3)6,0.0
Cs3Sb,1.6
Zr2Al,0.0
Ga2SnGeS6,2.04
BeS,4.17
LuP,1.3
Tl2GeTe3,0.36
Sb2Te,0.0
Mn3NbO8,0.0
Sm2Pd2Pb,0.0
Cd0.35Hg0.65Te1,0.28
Si(Bi3O5)4,3.2
HfZnNi2,0.0
Th6Mg23,0.0
SbTeOs,0.05
Cs2Ga2Se5,1.95
Eu3Sb4Se9,1.08
Li2(NiO2)3,0.0
SrNi2(PO4)2,0.0
Na2Ge2Se5,2.38
In5AgS8,1.76
Ni2Mo3N,0.0
InSb2Se4Br,1.35
V12P7,0.0
Mo2NCl8,0.0
Yb2O3,5.22
MnCoSi,0.0
V2OsRu,0.0
Ge0.2Pb0.8Se1,0.35
Li5La3Nb14O42,0.0
CaSnO3,4.4
KV4Ag11O16,2.0
In0.8Ga0.2As0.2P0.8,1.4
Ga1As0.6P0.4,1.91
Ta3P,0.0
U(SiNi)2,0.0
NaBi3,0.0
Sn0.13Pb0.87Se1,0.02
Ge0.25Te1Pb0.75,0.44
Nb2(CoO3)3,0.0
CsAg2TeS6,2.04
PmSnRh2,0.0
YbMn2O5,0.0
NdCrGe3,0.0
LiTi3O6,0.0
LiCu5P3O13,0.0
LuMnSi,0.0
Er(CuTe)3,0.24
Ga1.5Cu0.5S2.5,2.43
Cu18S11,0.0
Cd0.9Hg0.1Se1,0.35
LiMnO2,0.0
CdAg2GeS4,2.32
Cu4As2O9,0.0
Ti3PO7,0.0
Al3Tc,0.0
La2Ge2Se7,1.08
Ga1.001Sb0.999Te0.003,0.72
Pm2NiRh,0.0
HoMgZn2,0.0
Rb2Sn3(SbS5)2,2.33
Ce(PPt2)2,0.0
Ba4Ge3Se9Cl2,1.89
K2Mn(SnSe3)2,2.0
Li0.5Ge1Pb1.75S4,1.95
GdH2NO5,4.84
Cs3Nb9(TeO8)4,3.22
BaTbMn2O6,0.0
Ba2GaSbSe5,2.51
Bi2I4O13,3.3
YbH2ClO2,0.0
KCuSnSe3,1.04
PrIn,0.0
Li2Fe3SnO8,0.0
BeCu,0.0
Li3Mn(CuO3)2,0.0
MnO,3.6
Lu2CdIn,0.0
Sc3BPb,0.0
Pr2CdSn,0.0
Sr3Co2S2O5,0.0
KLi(WO3)3,0.0
Th3B2C3,0.0
AgCNO,0.0
MgCuBi,0.0
Dy2(MoO4)3,1.92
LiNiP2O7,0.0
Yb(SiAg)2,0.0
Ta2OsW,0.0
PrAl3Ni2,0.0
Cs2Pt(IO3)6,2.4
ZrSb,0.0
Te2Mo3Se4,0.0
Na2Ga2GeS6,3.29
TlZn2Tc,0.0
DyNiSn,0.0
LiBePt2,0.0
Mg23Al30,0.0
Yb(Al2Mo)2,0.0
Ga1.1Sb0.9Se0.3,0.67
Eu3(InP2)2,0.45
Ba2GdGaTe5,1.12
Ce4InSbSe9,1.69
In3Au10,0.0
Ho2Pd2Pb,0.0
NbSi2,0.0
SmHg3,0.0
DyCd2,0.0
Mg2AgIr,0.0
SrCd,0.0
TeWCl9,0.0
TiTc2Sb,0.0
Zr4Co4Ge7,0.0
Cd4P2Br3,2.19
PmCdPd2,0.0
BeTe,2.89
V6AgO15,0.0
Hf3Sb,0.0
Hf5Sb9,0.0
Ga0.001Te1Pb0.999,0.3
Nb3VS6,0.0
AsP,0.23
RhSe2,0.6
Nb3CuO8,1.47
ScBPd3,0.0
Zn3Cd,0.0
La2YbCuSe5,1.15
Ti4O5,0.0
Y4CuTe8,0.0
CsInTe2,2.16
CrO3,1.4
SiP2,1.89
SrSbAu,0.0
Al0.35Ga0.65As1,2.0
BaZn(MoO2)4,0.0
USbSe,0.0
U2Cu2As3O,0.0
La3(BN2)2,0.0
Cu3Bi6S10I,0.72
Hf2MnIr,0.0
Y(TiGa2)2,0.0
Al2Se3,3.1
Rb3Tm,0.0
YSn3,0.0
Li3Mn(NiO3)2,0.0
Fe2Cu(PO4)3,0.0
SmNiAs,0.0
Cd13I28,0.0
AgTe2As,0.8
Sr2YBi2O7,0.0
CdIn8Te13,1.02
Li3Co4TeO8,0.0
Ba1.88Ta15O32,0.13
Li2Si4Ni5O14,0.0
Li3AlP2,2.75
YZn5,0.0
PrSbPt,0.0
MnBe2Co,0.0
Ba2V2Te2O11,3.16
BaCaSn3,0.0
Zr1.33Ta0.67N2.61O0.42,1.93
TaTlS3,0.78
YMoO4F,3.78
ZrAlRu2,0.0
UCo4Sn,0.0
Cs4Ga4Si19,1.14
ScCuO2,3.3
CdHg4(AsI2)2,1.45
Y2ReB6,0.0
Cs2MgGe3Se8,2.04
LiHfPd2,0.0
KTeP2,1.4
LaP3,0.0
BPb6BrO7,2.84
Ba4Ga4GeSe12,2.18
AgPd(IO3)3,1.5
In0.6Ga0.4As0.6P0.4,1.25
NdSmHg2,0.0
BaNa2GeSe4,2.25
InCuGeSe4,1.3
Nb6Co7,0.0
LiSb3PbS6,1.6
Ca3Sb2,1.4
ScAg,0.0
Hf(VH2)2,0.0
K2B10H9O,0.0
V2ZnO4,0.0
Ca4Al3O10,0.0
Cd0.02In0.98Te0.02As0.98,0.73
Cu9O13,0.0
TlCuSe2,1.07
CsInS2,3.4
ScCrO4,0.0
Cu3Pd,0.0
K10Sn3(PSe3)8,1.82
Na2Tl,0.0
Ag(AuS)2,0.0
Li4(FeO2)9,0.0
Ti4ZnO8,0.0
CsGa7,0.0
LiTaO3,4.1
Ga1.05Sb0.95Se0.15,0.66
La2GeSe5,1.24
K11Mn4O16,0.0
V3Pt,0.0
YbSi2Ni,0.0
Ti(Bi3O5)4,3.09
Eu2ReO5,0.0
CsMg149,0.0
DyCoSi2,0.0
CrO2,0.23
Li7Ti16O32,0.0
Fe12As5,0.0
U2MnN3,0.0
Bi1.8Sb0.2Te3,0.15
Nb3IrSe8,0.0
Cd0.1Ga0.9Sb0.9Te0.1,0.78
CaHg2,0.0
BaGe4(RhSe3)2,1.09
ScCdHg2,0.0
Sn5(BIr3)2,0.0
Tm2IrPd,0.0
BaTaNO2,1.78
La3CuGeSe7,2.0
CeAsSe,0.0
Nd3In,0.0
Sr2Pr2Pt1O7.07,3.05
NaTi5Se8,0.0
La2V2IO9,3.63
LiZnBO3,3.1
RbB5(H2O3)4,0.0
InSnAsSe,0.26
Zn0.2Ga0.8Sb0.8Te0.2,1.15
Ti2RePd,0.0
Na7(CoO3)2,0.5
K3B6ClO10,6.89
CuPtO2,0.0
Ba3NaIrO6,0.0
CrBi2I2O11,2.4
TaNiB2,0.0
Rb2NaVF6,0.0
MnNbO4,0.0
Al0.7In0.3P1,2.3
BaAu(IO3)5,2.32
Rb3(Cu4S3)2,0.0
Li2TeMoO6,3.5
ScTiNbO6,3.58
PrBN2,4.0
Ce2Ge2Se7,1.1
Ho(CuTe)3,0.26
BaGa2GeS6,3.23
Tb(FeP3)4,0.0
Li4Co2Ni3O10,0.0
Ba2Cu5F14,0.0
CaPb,0.0
PRuS,1.4
Ti10O11,0.0
Y(CuTe)3,0.72
SiSe2,1.72
KCuSnS3,1.47
Hg3PS3,1.98
Ti13S24,0.0
LiY2Ru,0.0
Ga2Cu1S3.5,2.42
Ga2PbSe4,1.83
PmCd3,0.0
Mn15Si26,0.7
EuSnAu2,0.0
ZrInPd2,0.0
Mg(FeO2)4,0.0
TiI,0.0
CdBr2,4.47
Tm2AlOs,0.0
Zr5SiSb3,0.0
LiInSnS4,2.3
EuN,1.25
Li3AlTe4O11,3.63
Cd0.01In0.99Te0.01As0.99,0.76
Gd(InS2)3,1.13
Ba14Na8CaN6,0.0
TaRh3,0.0
Mg5B3O9F,5.63
Mn0.05Te1Pb0.95,0.37
Sb2PbSe4,1.8
AlAgS2,3.13
Tb5Tl3,0.0
LiMo3O8,0.0
Zn0.75Cd0.25Se1,3.2
Hg3As,0.0
Er2Te3,0.9
Ge3Sb,0.0
Ti2BRh6,0.0
Li9Ga13(Te7O22)3,4.45
BaGe3Pt,0.0
TeI4,1.1
Ga2Si(AgS3)2,2.35
TiTlPS5,1.3
K4Ga4Si19,1.18
H2Se,0.0
HgIrO3,0.0
MnV(TeO4)2,1.9
Ba7B3O9F5,4.94
GaAgGe5Se12,2.14
Cd0.8In2.1Ag0.1Te4,0.29
Te0.01Pb1Se0.99,0.26
AsOsS,1.3
CeSi2Ni,0.0
EuSnO3,0.0
Nb17Ir3S40,0.0
Na2In2SiS6,3.27
MnCu2Sn,0.0
Ho(SiRu)2,0.0
Re2W3C,0.0
AlAgO2,3.6
Al6Tc,0.0
Dy(CuSe)3,0.2
Tl4CdI6,2.8
InBi2S4Br,1.5
GaBi25O39,2.99
Na2Zn(SnS3)2,2.93
Tb10B7C10,0.0
SmB(SbO4)2,3.54
Cs10Cd4Sn4S17,3.16
ZrAl5Ni2,0.0
CsGa(SnSe3)2,1.87
FeAs2O7,0.0
DyPO4,6.38
Li5Mn5(SbO6)2,0.0
Sm4GaSbS9,2.23
Al0.1Cd0.9Sb0.1Te0.9,1.36
Pr2InPd2,0.0
Si15(TeP2)4,1.24
PrTmTl2,0.0
La2Fe(SeO)2,0.7
LaCuSO,3.1
Dy12Co7,0.0
CsEuF3,0.0
Ag3RuO4,0.0
Li2DyIn,0.0
Pb3O4,2.12
Zn3(PS4)2,3.07
KPSe3,2.08
AsPPd,0.45
Ga1.8Cu0.2Se2.8,1.86
Mg3Rh,0.0
TlSbTe3,0.38
K2Ge3(BO5)2,5.38
La20Mo12Cl4O63,2.4
K4Hf3Se14,2.02
TaPd3,0.0
KSnAuS3,2.3
Cr2O3,3.4
NaBiSe2,0.28
AlB2,0.0
Tm2Ga10Os3,0.0
LuNiBC,0.0
Eu1.83Ta15O32,0.23
YbDyPd2,0.0
YB66,0.8
Sn0.2Te1Pb0.8,0.08
Dy2MgTl,0.0
HoB4,0.0
PrCuSO,3.03
Mn5As4,0.0
Rb3Ag9(PS4)4,2.6
BaGe4(IrSe3)2,1.33
Ba12In4S19,2.56
Ca(Al4Co)2,0.0
Rb9Bi13S24,1.3
Li2(FeO2)5,0.0
MgSiN2,4.05
Te2MoWS2,0.0
USeS,0.0
K2Hg3Se1.31S2.69,2.28
ScSbPd,0.23
CuNi(CN)4,2.7
H7Se2NO6,4.81
KHg2,0.0
PrInAu2,0.0
CuP2(HO3)2,0.0
HgCl2,4.45
PdO,0.8
Cu4H10SO12,0.0
Sm6Br13,0.0
SiSb3,0.0
Sm(InS2)3,1.18
Co5RuO8,0.0
LiMgAs,0.7
K4(ZrSe5)3,1.81
Fe2S,0.0
TlNi,0.0
YbNd3,0.0
Cs2Th(PS3)3,2.8
CoAsS,0.6
Cu2OF2,0.0
BeSiRu2,0.0
TbWClO4,4.24
TmMnGe,0.0
CeSiIr,0.0
SmAs,1.03
Pr(FeSi)2,0.0
Ga1.002Sb0.998Te0.006,0.7
Er(ReO4)2,0.0
Gd2Zn17,0.0
HfB,0.0
Mg2CrN2,0.0
Sn0.15Pb0.85Se1,0.13
SnI4,2.38
Cu2Hg2SF6,0.0
Tl2BiP2S7,1.8
PrCo4B,0.0
Ce5(SiN3)3,0.0
Y(CrSi)2,0.0
CeO2,3.41
Hf4Al3,0.0
ScAg(PSe3)2,1.55
Rb2GeB4O9,5.54
PrMoO4F,3.64
Ba4Sm2Cu2O9,0.0
ZrSe,0.0
YTmCu2,0.0
LaH2,0.0
SiP,2.0
DyInPt2,0.0
Y3Ge4,0.0
Li2MgHg,0.0
GeTe2,0.3
TlInHgS3,1.74
VBi(SeO4)2,2.2
K2Hg(PSe3)2,2.25
HfHg4(AsCl3)2,2.47
Na2In4Se6S,1.92
U2Al3C4,0.0
CrCoPt2,0.0
EuSb4Te7,0.54
CeBiW2O9,2.34
Rb2Ti(CuS2)2,2.19
BaNaB5O9,4.78
VIr,0.0
CuBiPbSe3,0.07
Ce3NbS3O4,0.0
K2SmP2S7,2.59
LiCa3As2H,1.4
Cs5P5Se12,2.17
In3Sb,0.0
Ba8Ta7O24,0.0
Cu3SbSe4,0.31
Sn0.06Te1Pb0.94,0.28
In(PSe2)2,1.29
Li2In2SiS6,3.61
K4C2O3,0.0
PtN,0.0
SmCo3B2,0.0
Bi2Te0.3Se2.7,0.24
HoAlAu2,0.0
Gd3S4,0.0
Dy7In(CoGe3)4,0.0
Ca3Cu2(ClO2)2,0.0
Li2FeSnS4,1.86
HfCo3B2,0.0
Tl(MoSe)3,0.0
In1Sb0.3As0.7,0.11
TiSe2,1.55
CuClO2,0.0
Ta2N,0.0
SmTh3,0.0
Yb(CuS)3,1.56
Cs2NbCuSe4,2.19
KSc(SeO3)2,5.4
CdAsPd5,0.0
K2Sm2Ti3O10,3.26
Al(NiS2)2,0.0
Mn2GeS4,0.0
Pr2Ge2Se7,1.32
Zn3N2,0.0
OsS2,2.0
Ce9SmO20,0.0
Cu2H3ClO3,0.0
Sm3(Sb7Te12)2,0.0
RbHgSbTe3,0.2
Bi1.6Sb0.4Te3,0.16
Sm(NiSn)2,0.0
Sm2Fe17,0.0
EuScO3,0.0
Li15Mn2O12,0.0
YbZnPt,0.0
PrTlSe2,1.18
VZn2BiO6,2.4
EuCu2SnS4,1.85
Nd2Ge5Rh3,0.0
Rh3Pb,0.0
TlCr5(SeS)4,0.85
Sc6NiTe2,0.0
Gd2(Zn2Ge)3,0.0
Sr8Al7,0.0
Ga1.01Sb0.99Se0.03,0.62
In0.4Ga0.6As1,0.81
ZrAlW,0.0
Ti3Cu3O,0.0
Ba2GdInSe5,2.24
Bi2Pd3S2,0.0
V2NO,0.0
Bi2Mo2Se2O13,3.15
ErAl9(Fe2Si3)2,0.0
Dy(Al2Cu)4,0.0
Dy1Te1.7,0.35
HfSiPt,0.0
Al9Co2,0.0
Ba5Ge3,0.0
HfSe2,2.2
TmPd,0.0
Nd(SiIr)2,0.0
Cs2Hg(ICl)2,2.15
MnSnRu2,0.0
Sb6Pb6Se17,0.8
ErPbAu,0.0
Bi1.98Sb0.02Te3,0.14
Sc11(AlGe4)2,0.0
UCuP2,0.0
U4S3,0.0
Bi0.2Te0.3Pb0.9Se0.9,0.25
RbAg5(PS4)2,2.4
Ba2YReO6,0.0
InAg3,0.0
Cd0.23Hg0.77Te1,0.12
CdHIO4,4.35
VP,0.0
SrTh(PS4)2,3.02
In0.8Ga0.2As1,0.5
Li14Ti21O48,0.0
SiSb,1.9
GdAs,0.63
TbCl,0.0
YbPmPt2,0.0
Yb2MgS4,0.0
Al0.15Ga0.85As1,1.6
ScBIr3,0.0
SbRh3,0.0
NdAgAs2,0.0
K2Gd2Ti3O10,3.3
RbCuSnS3,1.44
Al2Ru,0.0
Ga0.95Hg0.05Sb0.95Te0.05,0.69
Li2TiMn3O8,0.0
Tb(GePd)2,0.0
Ca3Au4,0.0
LuSi2Ni,0.0
Na3Zn(BO2)5,3.2
NaLaS3,2.61
CBr4,3.7
ZnSb2MoO7,3.3
Gd2Mn4S7,1.44
YbAg2,0.0
MnPSe3,2.5
K2NbCuSe4,2.14
CuF,0.0
Eu3BWO9,0.0
SiTe2Os,0.0
Bi2Te0.1Se2.9,0.78
ErSe2,1.07
EuRhO3,0.0
Ga1Sb0.99As0.01,1.37
Zn0.4Hg0.6Se1,0.42
Co2B4Mo,0.0
Bi2CO5,3.42
CsCu2AsS3,2.3
Nd2BC,0.0
Ti2OsRu,0.0
Dy2TlCd,0.0
DyInCu2,0.0
CsAgSb4S7,2.04
Mg3Tl,0.0
LiPm2Al,0.0
Na2In2GeSe6,2.47
Pm2PtAu,0.0
Ge0.3Pb0.7Se1,0.4
Re3F,0.0
Ti2C,0.0
LaZnAsO,1.5
Sr(CeS2)2,0.0
NdGaO3,0.0
CuSbPbS3,1.31
Ba2GaBiSe5,2.21
U(CrC)4,0.0
Gd2Se3,2.2
Dy3Ga,0.0
Er5Bi3,0.0
LiGd5P2O13,3.73
K2RbSb,1.2
KBi2,0.0
Sm5Br11,0.0
Pr2S3,2.6
Ga1As0.8P0.2,1.62
Nd2ZnGa,0.0
Lu3InN,0.0
CaVO2,0.0
Ce2Ti2O7,0.0
Na10(Ga2Sn)3,0.0
NaTl,0.0
BaBSbS4,2.34
K2Cd3Se4,2.36
MgSbPt,0.0
Ce3AlC,0.0
SbPb2S2I3,2.0
HfTc,0.0
P2H12N7Cl,0.0
EuTiClO3,0.0
CsAu,2.3
ZrSi2,0.0
Ta2Nb3O12,0.0
Yb23Mg4Cu7,0.0
Sc2TlTc,0.0
LiIn(IO3)4,4.27
BaCu2SnSe4,0.48
K9Bi13S24,1.4
Na2TeS3,2.35
Na15Sn4,0.0
Cs2Hg3S4,2.8
NdTe2,0.48
TlCr5Se3S5,0.89
KSb(SO4)2,4.64
Rb4Ge(PSe3)4,2.0
Li4V5Cu3O16,0.0
U(CoGe)2,0.0
Nb40N21O16,0.0
GdO2,0.0
BaGe4(IrS3)2,1.54
Cu2Sb,0.0
ThSi,0.0
ZrNiSn,0.0
LaSi2,0.19
CaGe2,0.0
NbSiIr,0.0
LiMn2(PO4)2,0.0
RbYbZnSe3,2.07
AgBiPbS3,1.2
CsVP2S7,0.0
LiTm2Rh,0.0
Na19Zr11S30,0.0
Ba3FeS4Br,1.65
ZnCrO2,0.0
Al0.6In0.4P1,2.3
Pr4Te7,0.46
Yb2EuS4,1.6
Dy3Al0.5Si1S7,2.22
Sb4Pb4S11,0.0
Li3GaTe4O11,3.85
Te2Os,0.3
CoPS,0.4
BeTcSe,0.0
Dy2CdPd2,0.0
Gd2ZrS5,1.88
Al2FeNi,0.0
LaB6,4.1
Ca(BiO2)2,3.08
CsTaPSe6,2.29
Ca2CdPb,0.0
Cu9S5,0.0
TmAu2,0.0
Eu7(Ga3Sb4)2,0.6
Eu(TmSe2)2,1.8
Nd2Fe14B,0.0
AsSeI,1.76
PbSeO4,4.3
Ge0.01Te1Pb0.99,0.32
RbCd4Ga5Te12,1.64
RbGeB3O7,5.58
CuBiPbS3,0.12
Nd2(SnSe3)3,0.5
TaTiFe2,0.0
As2Ru,0.8
Cs2Cd1.35Hg4.65S7,1.84
TbP,0.0
KInSnS4,2.3
Si2Pd9,0.0
Sm(SiNi)2,0.0
ZrPd3,0.0
Eu(ZnGe)2,0.0
Sr3Ti2O7,3.26
CsSbS2,2.8
Na8Hg3,0.0
AsAu3,0.0
Al2CoIr,0.0
Rb4Ge3B6O17,5.42
CdCu2SnSe4,0.96
Cs2Ga2S5,3.26
LuSiIr,0.0
Ga1.2Cu0.8Se2.2,1.58
As2Rh,1.15
Ca2Ti9O13,0.0
Ga3SiAg3Se8,2.3
KGaSnSe4,1.73
LiCd2Rh,0.0
EuSn3,0.0
TiC,0.0
TiV4CuO12,0.0
SrCdSi,0.0
Bi2Se3,0.35
Tl2InGaTe4,0.88
MgSi7Ir3,0.0
SrB2,0.0
Ba3GeS5,3.0
V2GaSn2,0.0
TmGe,0.0
U2Zn17,0.0
Sr3Li4La5O12,0.0
Sr(CoP)2,0.0
AlFe2Si,0.0
HfVSi,0.0
Pm3I,0.0
CrNi3,0.0
TiHgO3,0.0
RbCu2AsS3,1.96
MnP2,0.0
CI4,2.26
TiAuCl,0.0
Yb2MgSe4,0.0
LiMnCuO4,0.0
Ce3MoO7,2.0
Th2Fe7,0.0
Pb1Se0.5S0.5,0.33
Tl6Cu(TeO5)2,2.3
Mg2Ge,1.67
RbAgF3,0.0
Er2Se3,1.66
PrSb,0.66
LiGaAg2,0.0
Hf3Zn3N,0.0
U2Re2C3,0.0
La16Mn15O48,0.0
Zr(Fe2Si)2,0.0
Cs6.4Na1.6Ga8Ge38,0.22
Eu(GaTe2)2,1.7
In2Pt,0.0
Sr2MgReO6,0.0
KTaO3,3.5
Pb1Se0.99S0.01,0.26
In2O3,2.8
BaMn4O7,0.0
Hf2Ge,0.0
ScTa2NO5,2.67
LiMgN,3.2
ZrGeRu,0.0
EuAlO3,0.0
Zn2SnN2,0.0
Zr6Al2CoH10,0.0
Nd4Mg3Co2,0.0
Ta7Cu3O19,2.47
TlSn,0.0
Sr2HoRuO6,0.0
Rb2Pt(IO3)6,2.4
BaSn3,0.0
Cd4Sb3,1.25
Tb3Si,0.0
Pb1Se0.01S0.99,0.37
Ba3(LiSn2)4,0.0
NiGe,0.0
Tb2Sb5,0.0
Li7(Mo3S4)4,0.0
Na2SO4,0.0
Ho5(Ge5Rh2)2,0.0
Tb3(MnC3)2,0.0
DyFeSi,0.0
Zr1.33Ta0.67N1.63O1.89,2.48
Li2Fe3CoO8,0.0
Ni4(BiO2)9,0.0
Ce3MnAlS7,0.0
CaF2,9.92
Cs2Cd2Bi2S5,1.7
Li12Fe5O16,0.0
Rb3Cd(BO2)5,2.34
Bi2SI2O11,3.74
Dy12C6I17,0.0
Nd4InSbSe9,1.57
Sr5Bi3,0.0
GdN,1.54
ZnSb,1.05
RbCuPdF5,0.0
NaFe2(SiO3)4,0.0
Lu2Fe2Si2C,0.0
Mn2AlB2,0.0
Al7(CN)3,0.0
La2PdO4,0.0
Bi1Sb0.15,0.02
Er2SnAu2,0.0
Yb2(ZnGe)3,0.0
EuIn2(GeIr)4,0.26
CdIClO3,4.3
Mg3(Ni10B3)2,0.0
RbMnTe2,0.0
Li2Ti3FeO8,0.0
La2Nb2N2O5,0.0
Li5Mn6(BO3)6,0.0
Mn3SbO8,0.0
Zr2Te,0.0
Pb2SeN2O9,3.76
Nd10Se14O,1.98
Nd5Ge4,0.0
TmAlCu,0.0
Ge3Bi3O10.5,3.3
Na2In,0.0
Tl4In3GaS8,2.63
Sc5Bi3,0.0
Tm(CuS)2,0.0
BaHgS2,1.93
ScCoO3,0.0
Dy3GaS6,2.81
TcS2,1.0
Er4NiB13,0.0
NdBi,0.0
K3Ti2P5S18,1.61
La4Co3O10,0.0
Sm2IO2,0.0
KTi2F7,6.4
Li3Dy,0.0
LiFe2(PO4)3,0.0
CeGaO3,0.0
Mg3Ge,0.0
In0.99Ga0.01As0.01P0.99,1.3
Zn0.01Ga0.99P0.99S0.01,2.25
LaGa3Pd2,0.0
LiTaRh2,0.0
Tl(Cu3S2)2,0.0
Li2SnIr,0.0
La3(OsO5)2,0.0
K10Fe4Sn4S17,2.2
LiMnCoO4,0.0
Cr3P,0.0
CeMgNi4,0.0
TlCuCl3,2.98
K2RuCl6,0.0
BePd3,0.0
SmHoHg2,0.0
Cd(GaS2)2,3.4
Tl2TeBr6,2.06
Zn0.05Ga0.95Sb0.95Te0.05,0.85
Ba3Nb2Se9,1.3
Bi0.002Te0.003Pb0.999Se0.999,0.79
Sc5Pb3,0.0
ThSO,2.22
CoOF,0.0
SrLi2Sn,0.0
Yb(AlGa)2,0.0
InSiTe3,0.0
ScIr,0.0
LaMg2H7Pd,1.0
Rb2Hg(PSe3)2,2.32
Ti3Pt5,0.0
K2Cd3Te4,2.26
Ba2CaReO6,0.0
Si0.9Ge0.1,1.04
Sc3GaC,0.0
Ge0.39Te1Pb0.61,0.56
ThAl,0.0
LaTb3,0.0
USi3,0.0
Hf(CoSi)2,0.0
Ni3Pt,0.0
Hf3(NiGe)4,0.0
SmSb,0.59
SmCuSe2,2.1
CsSbTe2,0.43
CaCu5,0.0
LaZnAu2,0.0
HoInAu2,0.0
RbNa2NiO2,0.0
Cs2Zn3(SeO3)4,4.3
CsH3(SeO3)2,4.77
CsIn(SnSe3)2,1.78
EuCuSeF,0.0
K2In2P3Se10,2.2
LiCdBO3,4.28
PmMgCd2,0.0
Mn3PtN,0.0
YScO2,0.0
Ba4Sb3S8Cl,2.09
Zr3Al2,0.0
U3Bi4,0.0
Tl5Te3,0.0
NdCu3(RuO3)4,0.0
EuBiW2O9,3.63
CsCu2SbS3,1.63
ZnCu2SnSe4,1.44
SmAu3,0.0
Sn0.23Te1Pb0.77,0.04
CeAl2Pt3,0.0
U2AlCo2,0.0
Mg5Tl2,0.0
LiCa2Mg,0.0
VPO4,0.0
Nb5Ge3,0.0
Ce2Cu(NO)2,0.0
BiSbTe3,0.19
Zr3Hg,0.0
Tb2EuSe4,2.0
Hf2Tl,0.0
Er2Mg3Ru,0.0
Sm(SiAg)2,0.0
GdScS3,2.1
Yb(CuSe)3,0.2
Ba3Ta5NO14,2.8
Hf3(CuSi)4,0.0
RbMoPO6,2.96
Cs1.13Cd1.13Bi2.87Se6,1.0
YbCe2CuS5,1.37
V2TcRu,0.0
SiSn,0.59
Ho3AlC,0.0
Ca5Ir,0.0
W2C,0.0
La4In5S13,0.0
HoSb2,0.0
TiSe,0.0
K8Ce2I18O53,2.34
Cu(NO3)2,0.0
BH(PbO2)2,3.76
Tl2Se,0.37
Ge(SeO3)2,5.27
Pr(CoAs)2,0.0
Li4.5Ga0.5Te1O6,4.99
Ca3(GaPt)2,0.0
Gd(NiGe)2,0.0
Na7.36Ga7.24Sn4.78Se24,1.5
Tb3Ni13B2,0.0
Sm(CoSi)2,0.0
Sb2Os,0.2
Pr2InGe2,0.0
Ga5Ge(PbSe3)4,1.91
KV2I3O13,2.3
LuScRh2,0.0
YH2,0.0
BaZnSiSe4,2.71
Na2Gd(PO4)2,4.19
Rb3Ta2AsS11,2.21
RbPPbO4,4.35
CeAl3Ni2,0.0
Rb2NbCuSe4,2.19
TmScHg2,0.0
RbSbSe2,1.62
Hf4Co4Si7,0.0
Mn3Cr3(CoO8)2,0.0
Y6Zn(SiS7)2,2.38
Ca2SmTaO6,3.45
La5Cu6.33S7O4,2.0
InPt,0.0
Er(CrSi)2,0.0
HfC,0.0
KAgAsS2,2.21
YbAgO2,0.0
Dy(CuSi)2,0.0
Mg2Ga,0.0
LiSn4Ir,0.0
Ba6Sn6Se13,1.52
DyBiPt,0.0
Mn5O7,0.0
NiN,0.0
TlPSe2,0.5
Ce3TaO7,0.0
Nd(CrSi)2,0.0
Zr3Ag,0.0
Ho4Ga16Co3,0.0
Ga1.85Cu0.15Se2.85,1.92
Ba2B4H2O9,5.12
K2Au(IO3)5,2.65
Ga1.8Cu0.2S2.8,2.65
Ca(AlZn)2,0.0
ZnSnO3,3.9
Li2CrCo3O8,0.0
Cd3Te2MoO10,3.81
Li2Ga2GeS6,3.65
MgTl,0.0
NdSb,0.0
Sb2I2F11,0.0
CeNbO4,0.0
Ti2B,0.0
CsRb2Sb,1.5
LiMgBi,0.4
Ca3Sn2S7,0.0
TePb3Cl4O3,3.79
Sr(PrS2)2,2.7
Ga1As0.99P0.01,1.37
Tb(InS2)3,1.2
RbTbSe2,2.5
Pd16S7,0.0
Zn0.15Ga0.85As0.85Se0.15,1.47
Ca2SnS4,2.32
Ca(Ni2O3)2,0.0
Cd1Se0.65S0.35,1.93
Na2Cl,0.0
In3AgTe5,0.68
Cd1Se0.35S0.65,2.13
Nb6VSb3O25,3.2
Cs3Sn3Cl7F2,2.96
Sn0.01Te1Pb0.99,0.23
ZrHg4(AsCl3)2,2.48
LiAl2Rh,0.0
AlNi2,0.0
Zn4.5Ga1Sn0.5O7,3.0
Nb(Cl2O)2,0.0
ErSiPd,0.0
Th(SiRu)2,0.0
NaIrPb,0.0
FeCuSe2,0.15
Al4Cu2O7,0.0
B6As,1.51
Si0.98Ge0.02,1.08
PdS,0.5
Li2In2SiSe6,2.54
Mg2GeB2Rh5,0.0
Cr2HO4,0.0
K2Ce(PO4)2,2.46
DyMn2,0.0
Sm2S3,2.96
Cu3(P2O7)2,0.0
Cd0.7Hg0.3Se1,0.55
GaAgO2,2.2
Mg17Al11Pd,0.0
Th2CrN3,0.0
Cu2WSe4,1.65
Sr(NdS2)2,2.45
NbAg2(PS4)2,2.02
NbSnIr,0.28
BPb2ClO3,3.99
LiCa2In,0.0
LiMg2Ag,0.0
TmMgCd2,0.0
Ba2ErInTe5,1.35
CdIn,0.6
LaInS2O,2.73
EuS,1.65
YAlPd,0.0
Bi2AsClO4,3.43
Zr2Se,0.0
Ti3Fe3O,0.0
RbCu(SbS2)2,1.6
KBr,7.6
Mg5Ti13O30,0.0
Li2NdAs2,0.0
BaTl(MoO3)2,0.0
Pr3I,0.0
SrMgIn3,0.0
Cu2Te3O8,2.64
Eu3P2,1.2
CeSiOs,0.0
Ce1Mn0.5Se1O1,2.01
Sn0.25Pb0.75Se1,0.04
Ce2Co5B2,0.0
CrCu2Si,0.0
GeRh,0.0
Ga1As0.1P0.9,1.22
Ge2Sb2Te5,0.5
Ce2Se3,1.75
Co7Re17O48,0.0
Yb(GaSe2)2,1.8
In0.01Ga0.99As1,1.4
Sr2ZnReO6,0.0
CsYbMnSe3,1.59
Sr3(AlSn)2,0.0
Al0.99Ga0.01P1,2.49
MnNi,0.0
Ce2S2O,0.0
KSiBiS4,2.25
Li4CrO5,0.0
LiSiB6,2.27
TiBr2,0.0
MnGePd,0.0
TmMnO3,0.0
Ba5V3O12F,3.85
Zn0.9Ga0.1P0.1Se0.9,2.3
Er5NiPb3,0.0
Tl4CuTeO6,2.2
Si0.1Ge0.9,0.8
TbInIr,0.0
Ga2CuSe4,0.63
CoMoP2,0.0
Sm2(SnSe3)3,0.7
TbCo2,0.0
Li3C,0.0
YbB66,1.27
Ga5Ge(PbS3)4,2.35
CaIn2Ir,0.0
MgMnO3,0.0
Cs2Hg6S7,1.63
NiCO4,0.0
CsInGeSe4,2.32
RbCd4Ga5S12,3.02
BiSeI,1.28
YbZnAu2,0.0
Lu2InHg,0.0
Ca3In,0.0
NaLa2TaO6,4.5
Ti9O8,0.0
Tb(CoB)2,0.0
CsRbP,0.0
Rb28(Mg3In17)3,0.0
In1.7Cu0.3Se2.7,1.21
MnIn2PbS5,1.45
CdPd,0.0
Rb5B(SO4)4,3.99
HfOs2,0.0
Na3MoO4F,4.77
Cs4BiAs3Se7,1.02
GeI2,1.5
Er(Al10Cr)2,0.0
YSiNi,0.0
Ba2FeReO6,0.0
LiBi3(ClO2)2,3.35
Te4MoW3S4,0.0
CdCu2GeS4,2.05
KLiCO3,6.32
SbSeBr,1.84
Na5Cu7O13,0.0
As2Os,0.9
Ca3La2(SnS4)3,1.45
Si0.2Ge0.8,0.86
Ga1.1Sb0.9Te0.3,0.7
K10Zn4Ge4S17,3.34
RbBi3TeSe4,0.8
Ge0.2Te0.2Pb0.8Se0.8,0.36
Mn2OF3,0.0
PW5O17,0.0
Ge0.01Pb0.99Se1,0.27
BaReH9,3.44
Ce3Al,0.0
SmHgPd,0.0
NdTiGe,0.0
Cu2HgGeSe4,0.0
Na6CoSe4,0.0
SnO2,3.6
Tb2O3,3.0
TlGaS2,3.4
LiSn(PO3)4,0.0
TlGaTe2,1.8
Re(TeCl6)2,0.0
Ga0.04Te1Pb0.96,0.37
Li8GeN4,2.61
Nb2Sb,0.0
SmCuSeO,2.6
Tl2Cu2SnS4,1.4
ReIr3,0.0
LiMn(PO4)2,0.0
GaSiRu2,0.0
CaZnSO,3.7
CaB6,4.5
Al9Ir2,0.0
YbPr2CuS5,1.25
Li3Mn2CuO6,0.0
NaIn3S5,2.18
TlCoMo2,0.0
BaDy2CuO5,0.0
HfAlPd2,0.0
KAg2SbS3,2.1
Mn(BW)2,0.0
YbPr11Se16,0.0
Hf3P,0.0
K5In3P6Se19,2.2
CsGaSnSe4,1.97
Nd3Ge5,0.0
Zr2CuS4,0.0
Ba4Si20Au3,0.0
PrLuIn2,0.0
MnSbRh2,0.0
Ce(MnGe)2,0.0
BiPd,0.0
LaAl4,0.0
Al2(CuSe2)3,0.0
Ba3Er2(PS4)4,3.3
CdF2,6.0
Ba3Ag2(SnS4)2,2.37
LuIr2,0.0
CdCu2SnS4,1.37
BeSe,4.0
Sm4MgRh,0.0
LiThAu2,0.0
Bi24BO39,2.91
Hf6PbO18,0.0
LiGaTe2,2.31
Li8TiNi7O16,0.0
LiLu2Tc,0.0
InAu3,0.0
DyInAu,0.0
YbAgGe,0.0
LiPm2Ir,0.0
Y2C3,0.0
YErRh2,0.0
SmS,2.3
Sn0.17Pb0.83Se1,0.04
Li3Mo2P5O18,0.0
Nb3B2,0.0
HoTiGe,0.0
PrB6,4.9
VFeSb,0.46
K2VAgS4,1.85
ScTlTe2,0.85
Ho10Si17,0.0
La10Si8O3,0.0
LaCu6,0.0
SrSe,4.42
Yb11(Ni10C)6,0.0
LiInS2,3.56
GdTe,1.3
Ca(TiS2)4,0.0
Si0.07Ge0.93,1.04
Pd(IO3)2,1.31
RbCd4In5Se12,1.57
Ce(CuSb)2,0.0
Ba3V2(SeO4)4,2.87
La2Zn(SeO)2,3.4
La2Fe2I,0.0
Yb3V,0.0
Er(SiPd)2,0.0
Ga2(TeO3)3,4.14
ScSbRu2,0.0
LiNb3(BiO3)4,3.0
AgBiPbSe3,0.13
MnSiNi2,0.0
Tm3(GePd)4,0.0
Ge0.05Pb0.95Se1,0.28
SrZnSb2,0.0
Na8(CuO2)5,0.0
KSb,0.9
SiW3,0.0
HgOsPb2,0.0
CaGa3Ni2,0.0
Er2C3,0.0
UVC2,0.0
Co3W,0.0
KY(TeO3)2,3.8
In0.04Te1Pb0.96,0.37
Al0.4Ga0.6P1,2.35
V3Bi(PbO4)3,2.5
Hg3Bi2(SCl4)2,3.26
Cs2Cu2Sb2S5,1.6
Cd0.3Hg0.7Te1,0.27
ReF6,0.0
NdMgNi4,0.0
Rb2VAgS4,1.83
B2Se2O7,4.64
Li3Co2(GeO4)3,0.0
CaHfZn,0.0
In9AgTe14,1.5
PtS2,0.75
Zr2Co12P7,0.0
YCdPd2,0.0
KCu4AsS4,1.9
Cu2GeS3,0.53
Sb6Pb4Se13,0.65
Ba3N2,0.0
Ba2InAgS4,2.32
K2In3CuSe6,1.68
Dy(GeRu)2,0.0
Ta2PtSe7,0.0
Na2B6O9F2,7.33
TePd,0.0
KEuAsS4,1.89
Ga2HgSe4,1.95
Cs4Zr3S14,2.35
Sm2O3,5.0
Ge0.01Te0.01Pb0.99Se0.99,0.23
Tl9SbSe6,0.0
ZrSiTe,0.0
Hf2Si,0.0
CaAgF5,0.0
Ba2SmTaO6,3.02
SrTaNO2,1.99
KHg11,0.0
ZnSn3,0.0
YCuO2,3.5
ZnAs,0.9
SrIn2Ir,0.0
Ga1Sb0.8As0.2,1.02
Hg2Sb2O7,0.0
Ba3PN,0.0
GaTc2W,0.0
BaZnSO,3.9
HfB4Ir3,0.0
SrBiClO2,3.52
Tl3Si,0.0
LaSi2Ru,0.0
Tb(Al2Fe)4,0.0
SbTeI,1.25
EuSe,3.1
Na4Eu(GeS3)2,2.15
BaGe2,1.0
TmCoSi2,0.0
Pr2Au,0.0
BiBPbO4,3.2
MnCu3,0.0
LaCdAg2,0.0
LiTa3(BiO3)4,3.5
K3Hg,0.0
BaCuTeF,2.3
PrB4,0.0
Li2YbPb,0.0
Ti2NiSe4,0.0
Ga1Sb0.35As0.65,0.68
SmSi3Pt5,0.0
In4Se3,0.64
HfGaCo2,0.0
Rb15Hg16,0.0
Ba8Sn4S15,2.31
NdFeSi2,0.0
Sn5(BRh3)2,0.0
Ga1As0.5P0.5,2.0
Y(CuSe)3,0.88
Hf5Te4,0.0
NaSbF6,3.76
Dy2C,0.0
Zn0.7Ga0.3As0.3Se0.7,1.93
CsF,10.0
In2As2Cl2O5,4.62
DySnRu2,0.0
Ca(SiPd)2,0.0
SrZnSO,3.1
Al0.3In0.7P1,1.9
LiLu2Pd,0.0
Rb3Bi2Br9,2.62
BePd2,0.0
KCeSe4,1.54
SbOsSe,0.4
GaAgTe2,1.1
Cu3Se2(ClO3)2,0.0
Ca2ZnRh,0.0
Ag2PdO2,0.18
Ba2ScIrO6,0.0
NaIn3Se5,2.17
Na3(WO3)4,0.0
LiAgF3,0.0
V3Cu,0.0
CaZn3Ni2,0.0
Fe4O7F,0.0
CaInPt,0.0
Na2TeSe3,1.87
Na3In2Au,0.0
Tm2MgRu,0.0
Ga8Cu3Mo2,0.0
BaPt5,0.0
NaSbTe2,0.47
Ta2MoOs,0.0
Sn0.17Te1Pb0.83,0.15
La3Si1Sb0.33S7,1.92
In2FeSe4,1.15
SrMgSnSe4,2.0
KNb2O5,0.0
PrTaN2O,2.0
Nb2AgPS10,1.78
Bi0.4Sb1.6Te3,0.21
Rb2Zn3(SeO3)4,4.9
Ce3LuSe6,1.1
K3Sm(AsS4)2,2.2
AlSn,0.0
Mg32Al36Ag13,0.0
Cd0.01Hg0.99Se1,1.72
Fe3B,0.0
Ba3BSbSe6,1.89
MnO2,1.3
Lu2O3,5.5
ZnSb3,0.0
TmCu4Ag,0.0
Sr(In4Rh)2,0.0
MnGeRh2,0.0
K2Ti(CuS2)2,2.04
Ba8Hg4Se7S5,1.98
CsAgCl3,0.0
TlCdS2,1.5
U2TeN2,0.0
Sm1.82Lu2.18Se6,1.51
K2NbCuS4,2.82
Nb5OF14,0.0
Ti2TcPd,0.0
Li2SiHgS4,2.68
PdPb2,0.0
SmHoZn2,0.0
Ti2CoS4,0.0
Si2SbO6,0.0
RuSe2,1.0
KBaB5O9,3.65
Cs2Al2B2O7,4.13
LiFe2(SiO4)2,0.0
U2(Co7B2)3,0.0
Sm(CuO2)2,0.0
Mg3Sb2,0.8
Ba4Ga4SnSe12,2.16
CuBiSO,1.07
LiInSe2,2.83
CaTaNO2,2.4
CsCeHgSe3,1.94
Ca3Zr17O37,0.0
Lu2CdAg,0.0
CsZn4In5Se12,1.61
Sc2(PO4)3,0.0
Li3Ni2(GeO4)3,0.0
CuN3,4.17
Rb3Zn(BO2)5,2.66
V4ZnO8,0.0
Fe9Co7,0.0
Sr2La2Pt1O7.13,2.52
Lu(SiOs)2,0.0
Y2Mo2O7,0.0
Rb5Li6(BO2)11,6.53
TaAs,0.0
PPdS,1.38
In1Sb0.01As0.99,0.17
ScSi3Ni,0.0
In2Se2O7,2.97
Zr5Sn3,0.0
Ba2SmGaSe5,2.27
KBiO3,0.0
Na3Re,0.0
Rb2TeI6,1.4
KNb2Se,0.0
Ge0.15Te1Pb0.85,0.36
LaHg,0.0
Ga2NiS4,0.0
Sr2SmTaO6,3.38
CeMgZn2,0.0
TbSe2,0.0
SnSe2,1.62
Cd8B5O15F,3.14
Li2ZnSnS4,2.87
Cs2SCl6F,0.0
Li2MnCo3O8,0.0
Ag7AsSe6,1.0
Gd6Ta4Al43,0.0
ScSbRh2,0.0
RbUAgS3,0.0
Na3Mn2(GeO4)3,0.0
Sr8.007Ge2.043Bi7.949Se24,0.74
Zn3Cu,0.0
UAl4,0.0
Pr4MgRu,0.0
TiTe2,1.0
ScBe5,0.0
Li2V3FeO8,0.0
Er5Si3,0.0
Nd4MgRu,0.0
YN,1.9
SnPt3C,0.0
TlS2,1.8
Hf5CuPb3,0.0
YbIn4Rh,0.0
BiBr3,2.66
LiScHg2,0.0
HoCd,0.0
UGa3Ni,0.0
Cd0.03In0.97Te0.03As0.97,0.71
Ho(MnSn)6,0.0
HfFe2,0.0
Cd3In2(Te2S)2,1.23
Fe2O2F3,0.0
TlBiTe2,0.12
Sr3Eu(PO4)3,3.99
ZnSiAs2,2.12
Ta4FeTe4,0.0
Cd0.3Hg0.7Se1,1.1
Sn0.2Pb0.8Se1,0.06
Cd0.1In0.9Te0.1As0.9,0.69
Mo5As4,0.0
Sn0.07Pb0.93Se1,0.08
HoCo3,0.0
In0.1Ga0.9As0.9P0.1,1.6
Ba2In2S5,2.47
KH(CN2)3,0.0
CrIrO6,0.0
PmGaAu2,0.0
LuGaRh2,0.0
LiH3(SeO3)2,4.9
Nd2O3,4.4
KAg2,0.0
PrAs,1.0
Yb(IO3)3,0.0
BeFe2Si,0.0
Ca3Bi(PO4)3,4.2
TiCoSn,0.0
Ba(BRh)2,0.0
Ti5ZnO7,0.0
TcSe2,0.88
Pd3(PbS)2,0.0
Lu2TlAg,0.0
Li8PrO6,0.0
Dy2CuOs,0.0
CeIr5,0.0
Ga4Cu2Te7,1.08
BiP3(PbO4)3,3.7
Ge0.41Te1Pb0.59,0.49
La4InSbS9,2.07
Ba(SnO2)4,0.0
SrCrO4,2.45
Na8NbO6,0.0
NbCuO3,2.0
NaSb(PS3)2,2.17
Ce2ZnNi2,0.0
Cs2Li3(BO2)5,7.3
Sb3IO4,2.61
Pm2IrRh,0.0
Li3Ni3(PO4)4,0.0
Ba3CrS5,0.0
CsScBr3,0.0
EuCd11,0.0
Te0.05Pb1Se0.95,0.26
Li4Cu(PO4)2,0.0
Sr8Co8O23,0.0
SnCl2,3.9
Ba2SmInTe5,1.36
Ba2Zn0.2B2S5.2,3.54
CeF3,4.85
Ga1As0.2P0.8,2.2
Ce15B8N25,3.5
NaInSnS4,2.4
Co7Mo6,0.0
TcB,0.0
YTi4(CuO4)3,0.0
Na3Tl,0.0
Mn(CoO2)4,0.0
ScN,2.6
Ni23B6,0.0
BaYbSn3,0.0
YbSnTe2,0.75
HoCdCu4,0.0
CrCo2Bi,0.0
Cs3Bi2I9,1.8
SnI2,2.4
Cs2AgBiBr6,2.19
CdP4PbO12,4.85
Ca2Co9O13,0.0
Gd1.05Sc0.95Se3,1.2
Eu(InS2)2,1.5
In1Sb0.9As0.1,0.27
Ba2B6O11,5.17
Rb7Th2(P2Se7)3,2.07
Eu3Se4,0.58
In2HgS4,2.0
YCd4B3O10,3.78
K4Al4Si19,1.4
DyNiGe2,0.0
MnS,0.0
KUClO3,2.37
U2Ti,0.0
RbGe3,0.0
Sn3P3O13,0.0
NbRu2Cl,0.0
BaZnGeSe4,2.46
GaHSeO4,5.51
RbGaSnSe4,1.88
Nd(InS2)3,1.15
GdNiO3,0.0
CsIrO3,0.0
Sn3As2,0.47
Rb2Hg3(GeS4)2,2.8
P2Pd3S8,2.12
ZrGe2,0.0
Tb2C3,0.0
W2N,0.0
Y(SiRh)2,0.0
ErNi4Au,0.0
Al6Ru,0.0
CsYHgSe3,2.54
Rb2FeI4,0.0
Cr2CuTe4,0.0
LiAl3,0.0
U(MnSi)2,0.0
Ba5Ga6GeP12,1.39
CdBiClO2,3.08
GdB6,3.6
In11.3Bi14.7S38,1.45
In5Se6,0.14
CsCd4Ga5S12,3.09
Ba2GdInTe5,1.36
TlInTe2,0.62
Fe6O7F5,0.0
Ba2CeInTe5,1.35
Na3MoClO4,4.69
Zn0.9Ga0.1As0.1Se0.9,2.34
Mg5As,0.0
Mn5Ge2,0.0
Cr2CuS4,0.0
UGa5Ir,0.0
Si0.03Ge0.97,0.67
Cu25Se26,0.0
GaGeTe,1.1
LaTaN2O,2.0
Ba2NdInTe5,1.37
BaSnO3,3.1
La2ZrS5,2.01
Er(InS2)3,1.28
V3CrO10,0.0
Ga1.005Sb0.995Te0.015,0.68
Ca3BiAs,0.0
Ba(AsPd)2,0.0
BaPdSe6,2.15
Eu3S4,1.7
LuScZn2,0.0
Nd(PRu)2,0.0
La2Ni5B4,0.0
Eu(CdSb)2,0.0
KAg2AsS3,2.25
Rb4Ga4Si19,1.18
Mg2Co,0.66
Na2Ti3O7,3.51
Li2GaPd,0.0
Pr(InS2)3,1.14
TbB(SbO4)2,3.53
Sc3(MnGa3)2,0.0
Zr1.86Cu1S4,1.26
TmSnRh,0.0
La5In3(S3O)3,2.6
SrTe,3.73
ReOsRu,0.0
Ba2DyCu3O7,0.0
Eu(FeSi)2,0.0
La2Pr2O7,0.0
CaTiO2,0.0
Cs(MoO3)3,0.0
MnSe,2.5
Ca3Al2Ge3,0.0
Mn2Nb,0.0
ScZnNi2,0.0
Sn2S,0.85
RbZrPSe6,2.0
NaIn(IO3)4,4.25
Ti4NiBi2,0.0
RbInGeS4,3.1
BiAs2Os,0.0
Gd1.47Mn2.04In0.49S5,1.75
CoP2,0.35
Pr9(SbO)5,0.0
LaAl12O19,0.0
LiGaAu2,0.0
Eu(MnGe)2,0.0
SrB6,3.68
RbCu4AsS4,2.15
U4N7,0.0
Na3WClO4,4.99
Zr6O,0.18
Sn0.08Pb0.92Se1,0.06
K(FeAs)2,0.0
Cr2SbTe,0.0
Ca(CoS2)4,0.0
Yb2HgPb,0.0
CeMoO4F,2.52
Tm2MgTl,0.0
La2Ga0.33Sb1S5,1.76
Bi3Se2NO11,3.59
SrSiPd,0.0
PrGe3,0.0
NdAu3,0.0
Nb2Pb2Se4O15,2.79
Gd2O3,5.3
MgF2,11.1
Rb4CuSi2O7,0.0
Eu(SbS2)2,1.2
CsSb(SO4)2,4.68
Gd2S3,2.55
Ba2ZnSe3,2.75
Ba5(Ga2Se5)2,2.2
SnO,3.0
U2SnRh2,0.0
Mn2P,0.0
Sn3Ir2Se3,0.43
TiNiSb,0.42
Mg3Bi2,0.0
TbGa2Co3,0.0
Nd2CdIn,0.0
Ba2HgS5,2.4
Sn0.03Pb0.97Se1,0.21
Li2MgIn,0.0
Ag2Mo(I2O7)2,3.06
LiCl,9.33
In3Pd5,0.0
Pb17(Cl9O4)2,3.44
CsBiSe2,1.07
TiCr3(PO4)6,0.0
Hf5Sb3,0.0
TmAu,0.0
Li2ZnGeSe4,1.86
KInS2,3.0
Hg5AsS2I3,1.57
Nb3In,0.0
B5Mo2,0.0
U3Nb,0.0
FeOF,0.0
Li0.33Ti0.67Ag1O2,2.7
SnRh,0.0
LiLu2Ru,0.0
PrZn,0.0
YbIn4Ni,0.0
ErZn12,0.0
Li4Fe2Cu3O10,0.0
Li2B4O7,7.3
Yb3Al5O12,0.0
U3Se4,0.0
CsGeB3O7,5.76
Tm2O3,4.53
CsCdInSe3,2.4
VPt2,0.0
MgCo2(PO5)2,0.0
Tm2ZnHg,0.0
TlSbSe2,0.82
In0.4Ga1.6Cu1S3.5,2.15
InPS4,3.12
HgTe,0.15
RbY(TeO3)2,3.6
Cu2PHO5,0.0
Mn2AlO4,0.0
YSbPt,0.16
Re2RuBr,0.0
InAsI,0.41
PrO,0.55
Ti5Zn4(TeO6)3,0.0
MgZn2,0.0
Li2MnO2F,0.0
HgTeBr,2.06
La2VCoO6,0.41
Bi2Te0.03Se2.97,0.27
Tl2TeI6,1.47
CsInSnS4,2.9
Tb(MnGe)6,0.0
GdZn,0.0
NaH3(SeO3)2,4.9
AlFe4(CuO4)3,0.0
Na2Si2Hg3S8,2.86
Al0.01Cd0.99Sb0.01Te0.99,1.6
Sc2MnC,0.0
LuIr,0.0
MnCdO2,0.0
PH6NO4,6.8
ZnI2,4.53
Cd2InAgTe3,0.47
ThAl3,0.0
Nb3Os,0.0
CsTiCl3,0.0
Ba2CuWO6,0.0
Mg2Si,2.27
PHPbO3,3.97
SmCuSi,0.0
Re3As7,0.0
Cs3Bi2Br9,2.5
Cs0.4K0.6P1Se6,2.1
Li(CuO)3,0.0
Ce4Bi3,0.0
U3Cu2Se7,0.0
Sr(RuO3)2,0.0
VGa(TeO4)2,3.0
Ca(LaS2)2,2.7
YMgAl,0.0
CaInAu,0.0
AuBrO2,0.0
Fe(PdSe)2,0.0
YbSb4Te7,0.22
Sc(VGa2)2,0.0
CuBS2,3.61
ZrCd,0.0
LiMnSiO4,0.0
Na3UF7,0.0
Y(Al5Fe)2,0.0
Cd6P7,0.85
TbTe,0.0
AlVCo2,0.0
YbCe2CuSe5,1.05
CsLu7S11,1.86
BiSI,1.56
Cs2Sb,0.62
Tl2Te3As2Se,0.67
RbTiBr3,0.0
Ti2Be17,0.0
DySiIr,0.0
Al0.8Ga0.2P1,2.43
LuAl2Pd5,0.0
CsYbCoSe3,0.95
Ba2SnSe4,1.9
SnSb3(PO4)4,0.0
CdCl2,5.7
UAu2,0.0
ScNiSb,0.11
Ho2HfS5,1.0
ZrTi2O,0.0
NdSn2,0.0
Eu(ClO4)3,0.0
PrIr2,0.0
ZrTiF6,0.0
Ga1.95Cu0.05Se2.95,1.96
Hf2OsPd,0.0
In1Sb0.5As0.5,0.1
Cu5(Si2O7)2,0.0
SiGe,0.88
NiTe,0.23
Li3(CuO2)2,0.0
Sr2TiO4,3.41
ZnCu3P3O13,0.0
Ba4Ga5CuSe12,1.45
RbCd(BO2)3,4.2
BaNa2SnS4,3.27
Ho3GaC,0.0
Lu2AlTc,0.0
CsYTe3O8,3.4
LiInTe2,1.46
Zr3O,0.2
Ta2O5,4.2
VCo,0.0
Ba2GdGaSe5,1.87
Yb4Sb3,0.0
NdTe,0.0
Th(FeGe)2,0.0
LuBPd3,0.0
CaYbInSe4,0.0
Zr2HBr2,0.0
LiAlRh2,0.0
ErB6,3.5
MgInPd2,0.0
HoZnRh2,0.0
KPSe6,2.16
Gd3(AlNi3)2,0.0
SrUS2,0.0
Rb2Mo9Se10,0.0
Eu2Se3,1.02
LiMn9Se10,0.0
Cu7Hg6,0.0
UPt3,0.0
KFeCuTe2,1.06
Ce2Al2Co15,0.0
Tl2InGaSe4,2.05
Ce2(SnSe3)3,0.3
K2Cd2Te3,1.93
ZrInRh2,0.0
Bi2Te0.6Se2.4,0.28
In0.3Ga0.7As0.3P0.7,2.05
Al0.01In0.99P1,1.3
ReSi2,0.12
KZn4(BO3)3,2.32
GePbS3,2.4
TlCr5SeS7,0.97
Rb2SCl6F,0.0
SmInAu,0.0
Zn0.92Hg0.08Te1,1.9
Ta6Ni16Ge7,0.0
CdRhF6,0.0
RbZn4In5Se12,1.76
BiO,0.0
In0.3Ga0.7As0.7P0.3,1.67
LuPt3,0.0
Sr7Bi23O40,0.0
Cu10Sb3,0.0
Y2Ge2O7,0.0
Eu2PBr,0.0
YbSnRh,0.0
ThAsSe,0.0
Sc2Al3Ru,0.0
Zn0.85Hg0.15Se1,1.8
ErHg2,0.0
In0.1Ga0.9As0.1P0.9,2.25
Ba2DyGaSe5,2.35
Bi2Te2.1Se0.9,0.29
BiSCl,1.89
SnTe,0.3
TaBe2,0.0
BiTeI,0.46
Li2FeGeS4,1.42
Sn0.28Te0.28Pb0.72Se0.72,0.12
EuCo8P5,0.0
NaCuO,0.0
PrErMg2,0.0
Zn2Ni9O13,0.0
CsCdBO3,2.58
La4InSbSe9,1.76
In5CuS8,1.34
Si0.8Ge0.2,1.1
VAg(IO4)2,2.24
Sm2AlCd,0.0
InBi2Se4Br,1.21
Dy4GaSbS9,2.58
Eu2O3,4.5
Pt3PbC,0.0
Li2(LuGe)3,0.0
Ca3Au,0.0
AgSO4,0.18
FeAsSe,0.6
La2Rh7,0.0
CeAl2Pd5,0.0
Ga5Pd13,0.0
Ce8U2O21,0.0
EuTl,0.0
CsCd4In5Te12,1.42
LaGeI,0.0
NbCu3Se4,2.45
Ba3MgTa2O9,4.28
Li9Fe3(WO4)7,0.0
BaCaB2O5,5.6
Li2CuF6,0.0
CdSb4MoO10,3.4
Te2Ru,0.25
BaEu2Mn2O7,0.0
Zr2Ni12P7,0.0
Ba2NdGaS5,2.12
Ga9Rh2,0.0
Ca2TlCd,0.0
TlAgTe2,0.1
Na2EuGeSe4,2.0
Rb6O,0.0
AgF,2.8
Rb2VCuS4,1.85
ScTlSe2,0.79
ErBiW2O9,3.26
NdInAu,0.0
Ba2V2ZnO8,3.48
Ba3ErRu2O9,0.0
Sn3WO6,2.49
YbTlS2,0.0
V2Zn3TeO10,2.96
BaHgSe2,1.56
Hf2Al3C4,0.0
Na2Mo2Se2O11,3.1
Bi2Te0.4Se2.6,0.7
Ce2GeSe5,1.7
ErBPd3,0.0
Te2W2SeS,0.0
ZnHg3(SeCl2)2,2.23
Ho2Au,0.0
Ag8SnSe6,0.71
Yb2SmS4,0.0
TbPt,0.0
LaNbN2O,1.7
Rb3Sb,1.0
In2Cu1S3.5,1.43
CeTlZn,0.0
Ba2SmCu3O7,0.0
Cd3AgPS6,2.56
Li3Ti2(PO4)3,0.0
In0.3Ga0.7As1,1.0
YCu3(WO3)4,0.0
Ho3Pd2,0.0
La3Te4,0.43
Ag8GeS6,1.18
LaH2NO5,4.76
Bi2(PO4)3,0.0
In1.85Cu0.15Se2.85,1.32
KHg,0.0
Li3ScN2,2.9
GdCd2,0.0
Hf(VGa2)2,0.0
Lu5(Si5Ir2)2,0.0
Cu(IrS2)2,0.0
GdSb,0.0
Sc(CuSe)3,0.3
Hf3P3Pd4,0.0
Sr2YReO6,0.0
KSm2CuS4,2.17
Zr7Sb4,0.0
Zn0.85Ga0.15As0.15Se0.85,2.25
Dy2ZnIn,0.0
TmLuPd2,0.0
SeS,1.9
SmB66,0.8
BeGaO3,0.0
Pr5Si4,0.0
FeBi(SeO3)3,2.54
BSbPbS4,1.8
TaInNi,0.0
Cd0.75In2.1Ag0.2Te4,0.54
VSb,0.0
Ba(ZnAs)2,0.23
BaCuSbS3,2.0
YB2C,0.0
MgScAg2,0.0
Li3Cr3(CuO6)2,0.0
ErAgSn,0.0
Ca3Ti2(SiO4)3,1.65
Cu2O,2.58
LiCuO2,0.0
Na2Ga2SnS6,2.2
Sm2RuAu,0.0
Cs4In8GeSe16,2.2
Bi2Te2.4Se0.6,0.25
Cr3Ni(PO4)6,0.0
BaV2SeO8,2.13
Pr7Mn8O24,0.0
U(CuP)2,0.0
CeTl2P2S7,2.4
BSb,2.6
LiTm2Ru,0.0
Cr3N2,0.0
Ge0.06Te0.06Pb0.94Se0.94,0.28
Sn0.25Te1Pb0.75,0.04
DyZnGa,0.0
Yb6U3O17,0.0
NaAlGeS4,3.6
Eu(DySe2)2,1.8
Sm2AgRu,0.0
Dy3InC,0.0
TbInAg2,0.0
Zn0.9Ga0.1P0.1S0.9,2.8
Rb3Li4(BO2)7,6.53
Hf5Sn4,0.0
Nb5Ga4,0.0
PrErIn2,0.0
TbSnAu,0.0
ErNiSn,0.0
Rb2Sn2Hg3S8,2.48
Rb2Cd(PSe3)2,2.58
Sm4Al23Ni6,0.0
Dy2Te3,0.69
Ba2GaBiS5,2.38
Sm2(PPt2)3,0.0
Dy2Ni12P7,0.0
SmC10,0.0
Mg3AsN,1.33
Ag2BBr,0.0
YIn2Ni,0.0
Nd2Ru2O7,0.0
CeHg,0.0
Ca3N2,1.55
LuAg2,0.0
LiZr2Os,0.0
AlAs,0.0
K2Te,1.9
CrIrO4,0.0
La2O3,5.4
LaGaS3,2.5
Al6Fe,0.0
LaMg(FeO3)2,0.0
As2S5,2.48
MgV4O6,0.0
Li3CrO4,0.0
Rb2Cd3(B4O7)4,4.76
ThBi2,0.0
TiZn3,0.0
Eu(ErSe2)2,1.7
Ag9Ge2IO8,0.0
Mn3Cr3(TeO8)2,0.0
Al13Ru4,0.0
Ba5Bi3,0.0
KBiS2,0.86
Mg3(B25C4)2,2.7
K2Sn(AuS2)2,2.75
ReO3,2.3
LiGaO2,5.6
Sm4U4O17,0.0
FeBi25O39,2.8
K2Gd2Sb2Se9,1.33
HfPt,0.0
LaSb,0.8
Al0.4Cd0.6Sb0.4Te0.6,1.8
YbSb,1.0
Si0.162Ge0.838,1.32
Te0.99Pb1Se0.01,0.3
DyB2Rh2C,0.0
Sn0.08Te0.08Pb0.92Se0.92,0.22
Rb3Nb2AsSe11,1.5
DyYAg2,0.0
AsSeBr,0.0
Dy1Te1.4,0.6
LiEr2Ga,0.0
RbH2(IO3)3,4.07
La3In1Ge0.5S7,2.61
Tb(CuSe)3,0.16
Na2Pt(IO3)6,2.4
RbWO3,0.0
Tb5Ti5O17,0.0
NiGePt2,0.0
Li4Mn5Cu3O16,0.0
Ag2P2PbO7,0.0
Ga1.5Cu0.5Se2.5,1.76
Tl16O15F17,0.0
Sm3OsO7,0.0
CeMgPt,0.0
SrCuBi,0.0
BaCuSbSe3,1.6
Zn6S5Cl2,2.71
VTeHO5,2.51
Sn1Se0.99S0.01,0.89
BaS,3.88
Ba4Nb14O23,0.0
RhSe3,0.7
CeN,0.7
ZnSi(AgS2)2,3.28
Ga1.002Sb0.998Se0.006,0.7
Nd(CoGe)2,0.0
Bi1.4Sb0.6Te3,0.17
NdErTl2,0.0
Zr(Ni2P)2,0.0
Li3Fe(CoO2)4,0.0
Ba2InSbSe5,1.92
RbU2SbS8,0.0
Cs2P2PdSe6,1.6
GdSe2,0.0
Cd(PS2)2,3.76
RhSeS,0.7
DyAs,1.0
Tm2CuTc,0.0
KRuO4,0.0
Er6MnBi2,0.0
Y3(Fe31B7)2,0.0
Li6Mn5FeO12,0.0
Dy4Sb3,0.0
FeP,0.0
Al9Rh2,0.0
Zn2WN2,0.0
Si3N4,5.1
InSn2As2Se,0.2
K2Nd2Ti3O10,3.25
Yb(AlGe)2,0.0
Mn3NiN,0.0
Cs4Ge(PSe3)4,2.0
Bi2Te2.97Se0.03,0.15
K2Dy2Ti3O10,3.38
CsLu7Se11,1.78
Zr6Sb2Pt,0.0
LiCu3F7,0.0
TbYHg2,0.0
Li4.5Fe0.5Te1O6,3.25
Zn(FeN)2,0.0
Ag(W3Br7)2,0.0
TiFe2,0.0
LiV3O4,0.0
Tb4Al2O9,4.59
HfSi,0.0
Y(SiPt)2,0.0
Sc14Cu14O37,0.0
ErFeC2,0.0
Yb3Ti3O14,0.0
BaLa2In2Se7,1.66
Al0.75Ga0.25As1,2.42
Sm(MnGe)2,0.0
Sm2Se3,2.3
PrMo3,0.0
Li4.5Al0.5Te1O6,4.9
Rb4Ti3S14,1.59
Ge0.4Te1Pb0.6,0.51
CeTl3,0.0
Ba2ZnTe3,2.1
Sr5Sn3,0.0
Li2Cu2S3,0.0
Ba(AsRh)2,0.0
KTa3(TeO6)2,4.06
PrP,0.0
Sb8I2O11,2.72
ScZn2,0.0
Ga0.99Hg0.01Sb0.99Te0.01,0.72
Na2Cr7O14,0.0
NaHg,0.0
CaIrO3,0.0
LaPt5,0.0
Ag0.5Ge1Pb1.75Se4,1.51
KV6O11,0.0
Tl2.35Sb8.65Se14,0.6
Rb2CrF6,0.0
Na2Te,2.3
Ba2DyGaTe5,1.13
Ho(SiPd)2,0.0
Ir0.67Se2,0.45
VBi24O41,3.25
CsEr9(Cd2Se9)2,2.09
Ga1.6Cu0.4S2.6,2.45
Rb2AgPS4,2.6
Zr4AlNi2,0.0
Mn3V2(SiO4)3,0.0
NbCrW,0.0
Ce(HO)3,0.0
Cd0.05Ga0.95Sb0.95Te0.05,0.74
Cd0.6Hg0.4Se1,0.7
Ni3Ge,0.0
Y3Tm,0.0
Pr2Ir2O7,0.0
HoZnRh,0.0
Tb2Ti3Ge4,0.0
Cd3Bi(PO4)3,3.9
Li2PmGe,0.0
MgInAg2,0.0
SrTlHg2,0.0
Ti2ZnS4,0.0
CaZn3,0.0
Ba2YGaSe5,2.31
CsNa2Sb,0.8
LaGaO3,4.4
Si0.08Ge0.92,0.72
PmSbRh2,0.0
RbCuSnSe3,1.04
VZnRu2,0.0
Al0.99Cd0.01Sb0.99Te0.01,2.21
Ho5Si4,0.0
CsMn4In5Se12,1.79
LaIn2Ir,0.0
Li5Co2O2F5,0.0
KLu,0.0
Cs2Cd3Te4,2.48
RbIn5S6,2.5
V6PbO11,0.0
Ba3Co10O17,0.0
EuH2,1.85
Cs2NaMgF6,0.0
U(Al2Fe)4,0.0
NaGaGe3Se8,2.35
Re2PbO6,0.0
BaLa2In2S7,1.87
Li3Mn4O8,0.0
Li2Ga(GeSe3)2,2.64
Ga2SiPbSe6,2.17
Ga1.02Sb0.98Te0.06,0.68
Li6Fe3Co7O20,0.0
DyGe,0.0
CeMgAg2,0.0
AsSI,2.05
ThHg2,0.0
Na0.5Ge1Pb1.75Se4,1.6
EuAl2O4,2.74
Li2Mo2Se2O11,3.3
KAsSe2,1.62
MgRhF6,0.0
Si0.109Ge0.891,1.13
NaSc(SeO3)2,5.5
Ba2NdInSe5,2.2
Dy2MgIn,0.0
SrPbO3,1.78
Mn0.1Te1Pb0.9,0.49
Cs2SeClF6,0.0
YbAl3,0.0
Ba2TbIrO6,0.0
Cd0.01Ga0.99Sb0.99Te0.01,0.72
NaSi2Pd3,0.0
VFeRu2,0.0
Li4Ni3BiO8,0.0
TiPO4,0.0
Si2Ni6B,0.0
Si0.458Ge0.542,2.24
Ca5B3O9F,6.53
Ga1.7Cu0.3S2.7,2.55
Dy3MnB7,0.0
InSiIr,0.0
Ge5(Te4As)2,0.0
AgCl,5.13
Ta2Tl4S11,1.26
Sr4Te3(ClO2)4,4.0
Ba2V4(TeO6)3,2.64
YbRh2,0.0
RbInSnS4,2.7
Mg10B16Ir19,0.0
Mn2CoAs,0.0
Ti1C0.9,0.3
UNiSn,0.0
NaNi2O3,0.0
TbH2,0.0
Li2Nb2(PO4)3,0.0
Lu2TlCd,0.0
PrTl2InSe4,0.93
Cs2La1.19Bi8.81S16,1.0
SmAg,0.0
Cd0.05In0.95Te0.05As0.95,0.68
BiBrO,2.92
KPPbO4,4.44
Tl2Hg3Se4,1.57
SmAlCu,0.0
YCdHg2,0.0
Cd1Se0.45S0.55,2.05
Cd2InCuTe4,0.85
AlCoO3,0.0
Ba3Dy2(PS4)4,3.28
Co5Ge7,0.0
Li3(CoO2)4,0.0
Co2O3,0.0
NdBRh3,0.0
In0.8Ga0.2As0.8P0.2,0.85
Hg8Bi3As4Cl13,2.43
Ba2CaOsO6,0.0
Li7Ti7O16,0.0
VIn(NiO3)2,1.92
SrIn4Ir,0.0
MgSbF6,0.0
Ga1.01Cu0.99Se2.01,1.59
BAs,1.45
Ag3AsO4,0.0
Ca(CoGe)2,0.0
Zr5Sn4,0.0
Eu(AsPd)2,0.0
Yb(AlSi)2,0.0
In2Bi3Se7I,1.38
Tl2Mo7O22,0.0
Sm2Sc3,2.3
Mg3Ga7Co2,0.0
Li2U(MoO5)2,0.0
EuClO,0.0
BaTh3,0.0
La3AlN,0.0
Cs4Ag9(SbS3)4,2.0
V2Pb4(Se2O7)3,3.37
K2Ga3CuSe6,1.72
Fe4Si2Sn7O16,0.0
In0.3Ga0.7P1,2.2
ZrIr2,0.0
Li4.5Cr0.5Te1O6,1.79
Li8Ti16CuS32,0.0
TlCr5S8,1.01
Ba3Bi2TeO9,2.3
CsYCdSe3,2.54
Dy3(CuGe)4,0.0
CsB3O5,7.42
Si0.0645Ge0.9355,1.04
Sr(GaAu)2,0.0
CsHo9(Cd2Se9)2,2.06
In0.01Te1Pb0.99,0.53
La(Ni2B)6,0.0
NaZrCuTe3,0.0
AgBi(PS3)2,1.7
Ce6B2(CBr)3,0.0
Cu15Si4,0.0
Sc2GaIr,0.0
CeScO3,3.2
Tb(CuTe)3,0.46
Bi2Te2.7Se0.3,0.2
BiPb2S2I3,1.6
RbPSe6,2.18
NaSn2,0.0
YbCdHg2,0.0
Yb(MnAs)2,0.0
Bi2Pt,0.0
CsRb(PSe4)2,2.41
Ba2NaCu3S5,0.45
Al2Cu,0.0
K4GeSe4,0.64
RuS2,1.8
AsPd3Pb2,0.0
Ga1As0.9P0.1,1.5
K(OsO3)2,0.0
CsGdO3,0.0
In0.99Ga0.01As0.99P0.01,0.3
Li2TeWO6,4.0
CaGaGe,0.0
Yb8Ge3Sb5,0.0
BaLa2Te5O14,3.81
Ge0.1Te1Pb0.9,0.35
KSi2P3,1.72
Sn3Pd,0.0
BaUSe3,1.0
TlPS2,1.6
NaSb,0.82
Cs2ZnSn3Se8,2.12
CeSI,0.0
Sr2CoReO6,0.0
Zn(CoO2)2,0.0
Li0.33Ag1Sn0.67O2,2.7
CeCoGeH,0.0
BaNa2SnSe4,2.46
CsNa8(B7O12)3,4.67
Li4Mn5NbO12,0.0
GePb2(SeO3)4,4.1
Li4Mn5Nb3O16,0.0
Yb3Sn13Rh4,0.0
Ga0.01Te1Pb0.99,0.42
In1.05Cu0.95Se2.05,1.07
La8Mn7O24,0.0
Ce5CuSe8,0.0
KGaSe2,2.6
Mn2CoGe,0.0
CsCaO3,0.0
Y(SiRu)2,0.0
TbGa3,0.0
CsGe5BO12,4.89
KAgF3,0.0
Li2FeWO6,0.0
Lu7(TePd)2,0.0
Li2MnNi3O8,0.0
Yb(SbS2)2,1.12
Li5Co2Ni3O10,0.0
CsK(PSe4)2,2.36
Zn0.99Hg0.01Se1,2.6
Li3Cr(NiO2)4,0.0
Rb2TeBr6,2.14
Ti3SnC2,0.0
Ba3ZrRu2O9,0.0
KCuPO4,0.0
Na3Sn2ClF6,3.88
La2CuO4,0.0
La2Si5Rh3,0.0
BaB6,2.64
Eu(MgBi)2,0.0
UO,1.5
TlCr5Se5S3,0.8
Li6FeO6,0.0
Cr2P3O11,0.0
K2Sb8Se3,1.31
Ag7(SI)2,0.0
Sm(BOs)2,0.0
LiGeRh2,0.0
La3Ge3Br2,0.0
SmP,1.09
VIr3,0.0
CsAg5Te3,0.65
SmCdHg2,0.0
Sn0.06Pb0.94Se1,0.14
BaMnO3,0.0
Ti2CoGe,0.0
Cu3(BiI4)4,0.0
BaIn2(P2O7)2,3.97
P2Rh,1.0
SiAu3,0.0
Li2Ni3TeO8,0.0
SmIn2Rh,0.0
BaBClF4,6.89
Bi2Te0.9Se2.1,0.28
Li4Co5SbO12,0.0
MgTe,3.6
Eu2C(NO)2,0.0
Li2Ni2SbO6,0.0
Tm(MnGe)6,0.0
AlCu3,0.0
Ge(Bi3O5)4,3.25
Tm(NiGe)2,0.0
V3SiNi2,0.0
CsPSe4,2.44
Al0.45Cd0.55Sb0.45Te0.55,1.93
Zn2Sb3O8,0.0
Sr2MgIrO6,0.0
Eu(NiAs)2,0.0
EuPd,0.0
ScZnPt2,0.0
Sm2In,0.0
TmSnRu2,0.0
Mg2CuWO6,0.0
Ce(BC)2,0.0
MgCr,0.0
La3(ReO5)2,0.0
Ce3(Al3Ru)4,0.0
B3Pb3NO10,3.64
Rb2Na2IrO4,0.0
Rb4Mo5(PO11)2,3.51
K2Th(CuS2)2,2.17
Sc3PbC,0.0
FePS,0.25
FeCuTe2,0.16
KSnAuSe3,2.28
LiEuH3,1.5
CsIr,0.0
TlFeI3,0.0
CrCoGe,0.0
Y(NiP)2,0.0
KCoO2,0.0
NiO,4.0
TbCu5,0.0
ZrS2,2.75
Ba14Ir8(PdO11)3,0.0
Ba5In4Bi5,0.0
ErNi4B,0.0
Sr2V2(SeO5)3,2.96
BTe2As,0.0
Zn0.95Ga0.05P0.05Se0.95,2.4
BiSe,0.4
ErSnAu,0.0
Eu(InAs)2,0.0
La2Ge5Ir3,0.0
In0.2Ga0.8As0.2P0.8,2.15
SmCuSO,2.9
Pr1Te1.9,1.0
LiZn2GaO4,4.0
K1.46Sn3.09Bi7.45Se15,0.39
Ba2GaSbTe5,1.66
RbCd4Ga5Se12,2.19
Li5Mn2Cu5O12,0.0
Fe6W6C,0.0
RbF3,0.0
Li2In2GeSe6,2.3
Al2Cr2O7,0.0
MnInCu2,0.0
Ca2CuWO6,0.0
Cd1Se0.99S0.01,1.68
BRh2,0.0
LiF,11.7
LiCa2Ge3,0.0
K3Bi2I9,2.1
Zr1.33Ta0.67N1.97O1.38,2.31
Li4Mn3Cr3O12,0.0
K2Cd(PSe3)2,2.58
Ho(SiPt)2,0.0
SrLi4(BO3)2,6.67
Cd0.99Ga0.01Sb0.01Te0.99,1.35
Sr4V2(Se2O7)3,2.66
Zn0.9Hg0.1Te1,1.74
Li3V4NiO12,0.0
Ba3ThSe7,1.96
CdSb2Se3Br2,1.4
La2Sn5Rh3,0.0
CdPt,0.0
Lu2CrS4,1.75
In(MoSe)3,0.0
Pr4Sb3,0.0
SmNiC2,0.0
Cs2ZnGe3Se8,2.31
CrNiAs,0.0
Li3Ni(SbO3)4,0.0
BaAgSbS3,2.2
YB2Rh2C,0.0
RbInS2,3.3
Tl3Pb,0.0
ScTlS2,1.51
GdSbPd,0.0
BaMn4ZnO8,0.0
Sn0.99Te1Pb0.01,0.26
Ga1.02Sb0.98Se0.06,0.63
K2Mn3S4,0.0
Ca2MnAlO5,0.0
HfHg4(PCl3)2,3.26
LaIn,0.0
KFe2BiO5,1.76
TmMgAg2,0.0
Ta5N6,0.0
CeCdAu2,0.0
Bi12Rh12O41,0.0
Co(PO3)4,0.0
Nd4O3F7,0.0
ZrAlPt,0.0
Ba2UCuO6,0.0
HoB2Rh3,0.0
YbCuSi,0.0
LaF3,6.6
Ba2Cd(BO2)6,4.59
Hf5Pb,0.0
CsSc(SeO3)2,5.2
In3CuS5,1.2
In0.2Ga0.8As0.8P0.2,1.58
CeLu3,0.0
Li4Fe7(OF7)2,0.0
La2Ga2GeS8,2.78
Gd1Mn1.95In1.05S5,1.66
AgO,1.57
Rb3Sb2I9,1.94
Sn0.1Te1Pb0.9,0.16
Ni2Te3O8,3.84
Sn2SbS2I3,1.5
Yb2Ce8O19,0.0
Cs2Sn3(SbS5)2,2.34
Lu3Ga,0.0
Hf2Ni,0.0
Nd2IrPd,0.0
SmErMg2,0.0
Eu(GaSe2)2,2.16
CoN,0.0
Mn7O7F,0.0
Li2MnGeS4,3.06
Zn0.99Ga0.01P0.01S0.99,3.7
Er2(MoO4)3,0.96
CoCu2Sn,0.0
NdMg2,0.0
SiBi3O7,0.0
Sn1Se0.75S0.25,0.94
CsCd4In5Se12,1.62
Li2Ni5(PO4)4,0.0
Zn0.01Ga0.99Sb0.99Te0.01,0.72
U6Co,0.0
KTa3CuO9,0.0
Rb2PS5,2.3
NdCuTeO,2.26
Mg9CuO10,0.0
Y3Fe29,0.0
Sn2BiSI5,1.32
La3ZrSb5,0.0
La2PI2,0.0
Zn0.86Hg0.14Te1,1.66
TlSnAuSe3,1.2
K2La2Ti3O10,3.05
KInSe2,2.68
Tb0.52Pr2.48Ga1.67S7,2.61
LaCuTeO,2.31
ErMg2,0.0
Ge0.15Pb0.85Se0.85S0.15,0.34
Ca2CdAs2,0.95
Ba3Ta2ZnO9,4.32
Eu2TeO2,0.0
Al21Pt8,0.0
Ca2Ge,1.0
K(GeSe2)2,1.8
Na2Hg3(GeS4)2,2.68
Li2PmAl,0.0
Ba3CaRu2O9,0.0
BeAlB,0.0
RbBi2,0.0
SmPbAu,0.0
Y3Al3NiGe2,0.0
Nd(CoSi)2,0.0
Mn3Al10,0.0
Ag2BiO3,0.0
AlPd5I2,0.0
YMoClO4,3.82
Li3Ti3(PO4)4,0.0
ScCoGe2,0.0
Ce3Pd5,0.0
Li3Bi,0.7
Eu(InSe2)2,1.31
ThSeO,1.65
Co1Te1.88,0.2
Ce(MnSi)2,0.0
K2Ho4Cu4S9,2.43
ZrTe,0.0
K2Ta15O32,0.33
SrV13O18,0.0
DyB6,3.3
Yb3Tc,0.0
Dy2S3,2.91
KAu(IO3)4,2.75
RbMn4In5Se12,1.76
NaZr2TiF11,0.0
NdTlAg2,0.0
Na2UI6,0.0
Cs2NaCoF6,0.0
Li3PS4,3.68
LiHoO3,0.0
Sn1Se0.6S0.4,0.98
KP(HO2)2,6.95
Ga2HgS4,2.79
LiTlPd2,0.0
K2Se,1.8
YV(BiO4)2,2.09
Mg2Cu,0.0
Bi2(MoO4)3,2.9
CaZn5,0.0
GaAs2W,0.0
In1.99Cu0.01Se2.99,1.45
La10Mn9O30,0.0
Tm(CuTe)3,0.14
In4Cu2Te7,1.1
Tb(Ni2P)2,0.0
Au3S,0.0
In0.72Ga0.28As1,0.55
MnFeCoGe,0.0
Li2HgGeS4,2.46
LiSbTe2,0.13
Mg2GeSe4,2.02
V3As2O9,0.76
LiAsS2,1.6
NdB6,4.9
Si0.7Ge0.3,1.0
Ce2(SbPd3)3,0.0
Sr2GaCo2O7,0.0
B4C,1.64
Ba(FeS2)2,0.0
Zn0.94Hg0.06Te1,2.03
SrRhF6,0.0
CsZn2B3O7,5.69
Zr7P4,0.0
InHg7S6Cl5,2.54
Cu4W(SCl)4,0.0
Li4Ti5Cr3O16,0.0
CdInCuSe3,1.66
Ce2CrN3,0.0
La3GaCuSe7,1.36
SrIn2,0.0
P2Se5,2.2
CsMn4Ga5Te12,1.55
Ge40Te5.3I8,0.8
Li2TlAg,0.0
NdTlPd,0.0
VAg2I3O11,2.16
Zn0.8Hg0.2Se1,1.4
LaP,0.54
Ba2GaSe4,1.63
EuF3,0.0
TeSe,1.58
Zn0.65Hg0.35Se1,1.0
Mn5O3F5,0.0
K2Cd3S4,2.75
Al0.01Ga0.99P1,2.27
YbB2Rh3,0.0
PrGe5,0.0
Cs4Ge5(PbS4)4,1.95
ErCu,0.0
Li2PrP2,0.0
EuBi3,0.0
DyIr2,0.0
Sc3C4,0.0
Yb(Fe2Ge)2,0.0
Bi3BTeO9,2.6
Cr2HgSe4,0.0
Ba3Eu(PO4)3,4.09
YH2NO5,4.83
Y(AlSi)2,0.0
Pr(MnSi)2,0.0
KRbBi8Se13,0.64
Ce(SiAu)2,0.0
Tm5Ti5O17,0.0
FeCo2Si,0.0
KF,10.3
Eu2Ga2GeS7,2.3
GaTc,1.42
Nb3Te,0.0
V2Cd2Te2O11,2.48
Tm5(Ge5Rh2)2,0.0
Na5Gd(MoO4)4,3.38
BaAl2,0.0
Ce5Ge3,0.0
LiSbS2,1.36
Rb3Sm,0.0
Rb3Na(MoO4)2,4.84
TiMn2Ge,0.0
B3Pb10Br3O13,3.25
Y2AlZn,0.0
NaInS2,1.9
Ho3Ge5,0.0
TiOs3,0.0
MnSi,0.6
KCu2BiS3,1.29
Yb(SiRh)2,0.0
K6Ta1.03Nb2.97S25,2.01
Zn8Ag5,0.0
Ni2Mo4N,0.0
HgI,2.37
DyAgGe,0.0
TiPd,0.0
Ba3BSbS6,2.62
Y2S3,2.9
In0.5Ga0.5As1,0.75
LuUO3,0.0
Tb11S16,0.0
Cu23(Sb4S13)2,0.0
CsBi2,0.55
Te2Pd,1.8
Sc2GaAg,0.0
Rb2Cd3Te4,2.3
YCdPt2,0.0
ZnWO2,0.0
Sm3Al,0.0
RbCu2SbS3,1.67
Na2Zn(GeSe3)2,2.36
SrSnP,0.0
BaTi14O28,0.0
LuCd4B3O10,3.7
EuSeClO3,0.0
Cd4P2Cl3,2.17
K2Zn(SnSe3)2,1.71
Lu2AgAu,0.0
Li3Mn4(PO4)6,0.0
MoSe2,1.6
ThRu3C,0.0
HgS,2.1
Pr1.29Lu0.71S3,1.38
Li17Ti20O40,0.0
Al5Rh2,0.0
AgP15,1.47
ZnSiP2,2.07
NdRh,0.0
Y2Ge5Ir3,0.0
Li2V3CrO8,0.0
Ba2GaBiTe5,1.43
Ti2Cd,0.0
Nd3Zr,0.0
In0.01Ga0.99As0.99P0.01,1.43
PmMgRh2,0.0
Ga2S3,2.8
Ge0.1Pb0.9Se0.9S0.1,0.32
ZnTc,2.37
ThCrB4,0.0
Pr(BiO3)2,0.0
Cu6PbO8,0.0
Ga4PbS7,3.08
Mn(SbO2)2,2.65
La(InS2)3,1.03
K3NaSn3Se8,2.2
CdSnO3,3.0
K2Hg3Se2.97S1.03,2.11
TaW3,0.0
Cd0.06In0.94Te0.06As0.94,0.68
FeSn,0.0
SmLuTl2,0.0
MnTcOs,0.0
Ba7(SnS3)5,2.29
Ta4N5,0.0
CaI2,5.98
U2AlCo3,0.0
TiTlSe2,0.56
Ca3PbN,0.0
Ho(SiOs)2,0.0
K3V,0.0
K6Ta2.93Nb1.07S22,1.88
CaMgSn,0.0
In1Hg4As2.5Br3.5,1.71
CsPSe6,1.9
Yb(Ga4Co)2,0.0
ZrSe2,2.0
Ba3In2(PO4)4,3.87
Ni(CN)2,2.0
Li3Mn3NiO8,0.0
Ce(CoAs)2,0.0
Lu2MgHg,0.0
Cs5Bi(PSe3)4,1.85
RbV(CuS2)2,1.45
